Time,D/T,Wind Direction,Wind Speed,Temperature,Relative Humidity,PM 2.5,Atmospheric Pressure,Sensor 1,Sensor 2,Sensor 3,Sensor 4,Sensor 5,Sensor 6,Sensor 7,Sensor 8,Smell Prediction,anomaly_type
2026-02-12 15:10:00,0.0,0.0,0.0,23.97,41.72,49.17,1009.5,0.0,0.0,0.0,0.0,0.0,0.0,0.0,0.0,Ambient,🥶 อุณหภูมิต่ำผิดปกติ (<24.00°C)
2026-02-12 15:11:00,0.0,0.0,0.0,23.88,41.9,49.17,1009.5,0.0,0.0,0.0,0.0,0.0,0.0,0.0,0.0,Ambient,🥶 อุณหภูมิต่ำผิดปกติ (<24.00°C)
2026-02-12 15:12:00,0.0,0.0,0.0,23.81,41.98,50.8,1009.5,0.0,0.0,0.0,0.0,0.0,0.0,0.0,0.0,Ambient,🥶 อุณหภูมิต่ำผิดปกติ (<24.00°C)
2026-02-12 15:13:00,0.0,0.0,0.0,23.76,41.95,51.17,1009.5,0.0,0.0,0.0,0.0,0.0,0.0,0.0,0.0,Ambient,🥶 อุณหภูมิต่ำผิดปกติ (<24.00°C)
2026-02-12 15:14:00,0.0,0.0,0.0,23.72,41.91,50.33,1009.5,0.0,0.0,0.0,0.0,0.0,0.0,0.0,0.0,Ambient,🥶 อุณหภูมิต่ำผิดปกติ (<24.00°C)
2026-02-12 15:15:00,0.0,0.0,0.0,23.65,41.92,53.5,1009.5,0.0,0.0,0.0,0.0,0.0,0.0,0.0,0.0,Ambient,🥶 อุณหภูมิต่ำผิดปกติ (<24.00°C)
2026-02-12 15:16:00,0.0,0.0,0.0,23.62,42.18,55.0,1009.5,0.0,0.0,0.0,0.0,0.0,0.0,0.0,0.0,Ambient,🥶 อุณหภูมิต่ำผิดปกติ (<24.00°C)
2026-02-12 15:17:00,0.0,0.0,0.0,23.58,42.36,53.83,1009.48,0.0,0.0,0.0,0.0,0.0,0.0,0.0,0.0,Ambient,🥶 อุณหภูมิต่ำผิดปกติ (<24.00°C)
2026-02-12 15:18:00,0.0,0.0,0.0,23.55,42.61,53.0,1009.4,0.0,0.0,0.0,0.0,0.0,0.0,0.0,0.0,Ambient,🥶 อุณหภูมิต่ำผิดปกติ (<24.00°C)
2026-02-12 15:19:00,0.0,0.0,0.0,23.55,42.74,52.29,1009.4,0.0,0.0,0.0,0.0,0.0,0.0,0.0,0.0,Ambient,🥶 อุณหภูมิต่ำผิดปกติ (<24.00°C)
2026-02-12 15:20:00,0.0,0.0,0.0,23.55,43.53,52.0,1009.4,0.0,0.0,0.0,0.0,0.0,0.0,0.0,0.0,Ambient,🥶 อุณหภูมิต่ำผิดปกติ (<24.00°C)
2026-02-12 15:21:00,0.0,0.0,0.0,23.51,43.46,52.33,1009.32,0.0,0.0,0.0,0.0,0.0,0.0,0.0,0.0,Ambient,🥶 อุณหภูมิต่ำผิดปกติ (<24.00°C)
2026-02-12 15:22:00,0.0,0.0,0.0,23.52,43.35,52.0,1009.3,0.0,0.0,0.0,0.0,0.0,0.0,0.0,0.0,Ambient,🥶 อุณหภูมิต่ำผิดปกติ (<24.00°C)
2026-02-12 15:23:00,0.0,0.0,0.0,23.52,43.22,51.0,1009.3,0.0,0.0,0.0,0.0,0.0,0.0,0.0,0.0,Ambient,🥶 อุณหภูมิต่ำผิดปกติ (<24.00°C)
2026-02-12 15:24:00,0.0,0.0,0.0,23.5,43.22,52.0,1009.3,0.0,0.0,0.0,0.0,0.0,0.0,0.0,0.0,Ambient,🥶 อุณหภูมิต่ำผิดปกติ (<24.00°C)
2026-02-12 15:25:00,0.0,0.0,0.0,23.48,43.5,52.2,1009.3,0.0,0.0,0.0,0.0,0.0,0.0,0.0,0.0,Ambient,🥶 อุณหภูมิต่ำผิดปกติ (<24.00°C)
2026-02-12 15:26:00,0.0,0.0,0.0,23.47,43.55,51.14,1009.3,0.0,0.0,0.0,0.0,0.0,0.0,0.0,0.0,Ambient,🥶 อุณหภูมิต่ำผิดปกติ (<24.00°C)
2026-02-12 15:27:00,0.0,0.0,0.0,23.49,43.18,50.67,1009.3,0.0,0.0,0.0,0.0,0.0,0.0,0.0,0.0,Ambient,🥶 อุณหภูมิต่ำผิดปกติ (<24.00°C)
2026-02-12 15:28:00,0.0,0.0,0.0,23.51,43.06,51.5,1009.3,0.0,0.0,0.0,0.0,0.0,0.0,0.0,0.0,Ambient,🥶 อุณหภูมิต่ำผิดปกติ (<24.00°C)
2026-02-12 15:29:00,0.0,0.0,0.0,23.49,42.87,53.8,1009.3,0.0,0.0,0.0,0.0,0.0,0.0,0.0,0.0,Ambient,🥶 อุณหภูมิต่ำผิดปกติ (<24.00°C)
2026-02-12 15:30:00,0.0,0.0,0.0,23.5,42.85,53.6,1009.3,0.0,0.0,0.0,0.0,0.0,0.0,0.0,0.0,Ambient,🥶 อุณหภูมิต่ำผิดปกติ (<24.00°C)
2026-02-12 15:36:00,0.0,0.0,0.0,23.42,46.17,54.83,1009.2,0.0,0.0,0.0,0.0,0.0,0.0,0.0,0.0,Ambient,🥶 อุณหภูมิต่ำผิดปกติ (<24.00°C)
2026-02-12 15:37:00,0.0,0.0,0.0,23.46,46.78,55.67,1009.2,0.0,0.0,0.0,0.0,0.0,0.0,0.0,0.0,Ambient,🥶 อุณหภูมิต่ำผิดปกติ (<24.00°C)
2026-02-12 15:38:00,0.0,0.0,0.0,23.51,47.49,57.33,1009.2,0.0,0.0,0.0,0.0,0.0,0.0,0.0,0.0,Ambient,🥶 อุณหภูมิต่ำผิดปกติ (<24.00°C)
2026-02-12 15:39:00,0.0,0.0,0.0,23.56,46.53,57.33,1009.27,0.0,0.0,0.0,0.0,0.0,0.0,0.0,0.0,Ambient,🥶 อุณหภูมิต่ำผิดปกติ (<24.00°C)
2026-02-12 15:40:00,0.0,23.77,0.09,23.6,45.9,58.5,1009.28,0.0,0.0,0.0,0.0,0.0,0.0,0.0,0.0,Ambient,🥶 อุณหภูมิต่ำผิดปกติ (<24.00°C)
2026-02-12 15:41:00,0.0,46.27,0.0,23.61,45.41,59.5,1009.3,0.0,0.0,0.0,0.0,0.0,0.0,0.0,0.0,Ambient,🥶 อุณหภูมิต่ำผิดปกติ (<24.00°C)
2026-02-12 15:42:00,0.0,45.0,0.0,23.62,45.01,59.8,1009.3,0.0,0.0,0.0,0.0,0.0,0.0,0.0,0.0,Ambient,🥶 อุณหภูมิต่ำผิดปกติ (<24.00°C)
2026-02-12 15:43:00,0.0,46.6,0.0,23.62,44.66,58.4,1009.22,0.0,0.0,0.0,0.0,0.0,0.0,0.0,0.0,Ambient,🥶 อุณหภูมิต่ำผิดปกติ (<24.00°C)
2026-02-12 15:44:00,0.0,49.0,0.0,23.6,44.6,57.75,1009.2,0.0,0.0,0.0,0.0,0.0,0.0,0.0,0.0,Ambient,🥶 อุณหภูมิต่ำผิดปกติ (<24.00°C)
2026-02-12 15:45:00,0.0,49.0,0.0,23.61,44.27,59.0,1009.2,0.0,0.0,0.0,0.0,0.0,0.0,0.0,0.0,Ambient,🥶 อุณหภูมิต่ำผิดปกติ (<24.00°C)
2026-02-12 15:46:00,0.0,49.0,0.0,23.61,44.36,57.0,1009.2,0.0,0.0,0.0,0.0,0.0,0.0,0.0,0.0,Ambient,🥶 อุณหภูมิต่ำผิดปกติ (<24.00°C)
2026-02-12 15:48:00,0.0,56.67,0.63,23.45,44.15,58.33,1009.2,0.0,0.0,0.0,0.0,0.0,0.0,0.0,0.0,Ambient,🥶 อุณหภูมิต่ำผิดปกติ (<24.00°C)
2026-02-12 15:49:00,0.0,53.48,0.66,23.35,44.15,58.8,1009.2,0.0,0.0,0.0,0.0,0.0,0.0,0.0,0.0,Ambient,🥶 อุณหภูมิต่ำผิดปกติ (<24.00°C)
2026-02-12 15:50:00,0.0,54.18,0.67,23.19,44.3,59.2,1009.22,0.0,0.0,0.0,0.0,0.0,0.0,0.0,0.0,Ambient,🥶 อุณหภูมิต่ำผิดปกติ (<24.00°C)
2026-02-12 15:51:00,0.0,53.05,0.65,23.06,44.57,57.83,1009.2,0.0,0.0,0.0,0.0,0.0,0.0,0.0,0.0,Ambient,🥶 อุณหภูมิต่ำผิดปกติ (<24.00°C)
2026-02-12 15:52:00,0.0,66.6,0.4,22.98,45.35,57.17,1009.2,0.0,0.0,0.0,0.0,0.0,0.0,0.0,0.0,Ambient,🥶 อุณหภูมิต่ำผิดปกติ (<24.00°C)
2026-02-12 15:53:00,0.0,75.68,0.21,23.0,45.43,57.5,1009.2,0.0,0.0,0.0,0.0,0.0,0.0,0.0,0.0,Ambient,🥶 อุณหภูมิต่ำผิดปกติ (<24.00°C)
2026-02-12 15:54:00,0.0,53.8,0.49,23.02,44.84,56.0,1009.2,0.0,0.0,0.0,0.0,0.0,0.0,0.0,0.0,Ambient,🥶 อุณหภูมิต่ำผิดปกติ (<24.00°C)
2026-02-12 15:55:00,0.0,61.57,0.42,23.03,44.74,56.17,1009.2,0.0,0.0,0.0,0.0,0.0,0.0,0.0,0.0,Ambient,🥶 อุณหภูมิต่ำผิดปกติ (<24.00°C)
2026-02-12 15:56:00,0.0,55.33,0.65,22.97,44.96,55.0,1009.13,0.0,0.0,0.0,0.0,0.0,0.0,0.0,0.0,Ambient,🥶 อุณหภูมิต่ำผิดปกติ (<24.00°C)
2026-02-12 15:57:00,0.0,50.3,0.63,22.94,44.96,53.17,1009.18,0.0,0.0,0.0,0.0,0.0,0.0,0.0,0.0,Ambient,🥶 อุณหภูมิต่ำผิดปกติ (<24.00°C)
2026-02-12 15:58:00,0.0,50.9,0.63,22.84,44.76,54.2,1009.2,0.0,0.0,0.0,0.0,0.0,0.0,0.0,0.0,Ambient,🥶 อุณหภูมิต่ำผิดปกติ (<24.00°C)
2026-02-12 16:01:00,0.0,59.0,0.52,22.9,45.27,48.0,1009.2,0.0,0.0,0.0,0.0,0.0,0.0,0.0,0.0,Ambient,🥶 อุณหภูมิต่ำผิดปกติ (<24.00°C)
2026-02-12 16:02:00,0.0,57.34,0.64,23.0,44.49,51.0,1009.2,0.0,0.0,0.0,0.0,0.0,0.0,0.0,0.0,Ambient,🥶 อุณหภูมิต่ำผิดปกติ (<24.00°C)
2026-02-12 16:03:00,0.0,70.8,0.69,23.0,44.31,52.0,1009.2,0.0,0.0,0.0,0.0,0.0,0.0,0.0,0.0,Ambient,🥶 อุณหภูมิต่ำผิดปกติ (<24.00°C)
2026-02-12 16:04:00,0.0,83.3,0.76,23.04,44.11,51.2,1009.2,0.0,0.0,0.0,0.0,0.0,0.0,0.0,0.0,Ambient,🥶 อุณหภูมิต่ำผิดปกติ (<24.00°C)
2026-02-12 16:05:00,0.0,79.13,0.77,23.07,43.97,51.5,1009.2,0.0,0.0,0.0,0.0,0.0,0.0,0.0,0.0,Ambient,🥶 อุณหภูมิต่ำผิดปกติ (<24.00°C)
2026-02-12 16:06:00,0.0,85.25,0.73,23.07,43.65,52.5,1009.2,0.0,0.0,0.0,0.0,0.0,0.0,0.0,0.0,Ambient,🥶 อุณหภูมิต่ำผิดปกติ (<24.00°C)
2026-02-12 16:07:00,0.0,86.9,0.81,23.07,43.47,52.83,1009.2,0.0,0.0,0.0,0.0,0.0,0.0,0.0,0.0,Ambient,🥶 อุณหภูมิต่ำผิดปกติ (<24.00°C)
2026-02-12 16:08:00,0.0,81.4,0.68,23.07,43.48,54.83,1009.2,0.0,0.0,0.0,0.0,0.0,0.0,0.0,0.0,Ambient,🥶 อุณหภูมิต่ำผิดปกติ (<24.00°C)
2026-02-12 16:09:00,0.0,81.06,0.75,23.09,43.33,56.0,1009.2,0.0,0.0,0.0,0.0,0.0,0.0,0.0,0.0,Ambient,🥶 อุณหภูมิต่ำผิดปกติ (<24.00°C)
2026-02-12 16:10:00,0.0,79.98,0.76,23.08,43.46,53.6,1009.2,0.0,0.0,0.0,0.0,0.0,0.0,0.0,0.0,Ambient,🥶 อุณหภูมิต่ำผิดปกติ (<24.00°C)
2026-02-12 16:11:00,0.0,93.85,0.92,23.11,43.4,56.0,1009.2,0.0,0.0,0.0,0.0,0.0,0.0,0.0,0.0,Ambient,🥶 อุณหภูมิต่ำผิดปกติ (<24.00°C)
2026-02-12 16:12:00,0.0,83.92,0.84,23.12,43.31,54.83,1009.2,0.0,0.0,0.0,0.0,0.0,0.0,0.0,0.0,Ambient,🥶 อุณหภูมิต่ำผิดปกติ (<24.00°C)
2026-02-12 16:13:00,0.0,96.48,0.95,23.14,43.26,54.83,1009.2,0.0,0.0,0.0,0.0,0.0,0.0,0.0,0.0,Ambient,🥶 อุณหภูมิต่ำผิดปกติ (<24.00°C)
2026-02-12 16:14:00,0.0,81.8,0.53,23.17,43.11,53.17,1009.2,0.0,0.0,0.0,0.0,0.0,0.0,0.0,0.0,Ambient,🥶 อุณหภูมิต่ำผิดปกติ (<24.00°C)
2026-02-12 16:15:00,0.0,83.62,0.73,23.18,43.34,55.0,1009.2,0.0,0.0,0.0,0.0,0.0,0.0,0.0,0.0,Ambient,🥶 อุณหภูมิต่ำผิดปกติ (<24.00°C)
2026-02-12 16:16:00,0.0,79.0,0.71,23.16,43.65,54.83,1009.2,0.0,0.0,0.0,0.0,0.0,0.0,0.0,0.0,Ambient,🥶 อุณหภูมิต่ำผิดปกติ (<24.00°C)
2026-02-12 16:17:00,0.0,79.52,0.73,23.12,43.81,54.67,1009.2,0.0,0.0,0.0,0.0,0.0,0.0,0.0,0.0,Ambient,🥶 อุณหภูมิต่ำผิดปกติ (<24.00°C)
2026-02-12 16:18:00,0.0,94.93,0.87,23.15,43.85,54.0,1009.2,0.0,0.0,0.0,0.0,0.0,0.0,0.0,0.0,Ambient,🥶 อุณหภูมิต่ำผิดปกติ (<24.00°C)
2026-02-12 16:19:00,0.0,78.1,0.57,23.16,44.08,54.0,1009.2,0.0,0.0,0.0,0.0,0.0,0.0,0.0,0.0,Ambient,🥶 อุณหภูมิต่ำผิดปกติ (<24.00°C)
2026-02-12 16:20:00,0.0,70.98,0.63,23.15,44.17,53.33,1009.2,0.0,0.0,0.0,0.0,0.0,0.0,0.0,0.0,Ambient,🥶 อุณหภูมิต่ำผิดปกติ (<24.00°C)
2026-02-12 16:21:00,0.0,76.92,0.71,23.17,44.17,54.0,1009.2,0.0,0.0,0.0,0.0,0.0,0.0,0.0,0.0,Ambient,🥶 อุณหภูมิต่ำผิดปกติ (<24.00°C)
2026-02-12 16:22:00,0.0,75.35,0.71,23.13,43.96,53.67,1009.2,0.0,0.0,0.0,0.0,0.0,0.0,0.0,0.0,Ambient,🥶 อุณหภูมิต่ำผิดปกติ (<24.00°C)
2026-02-12 16:23:00,0.0,81.22,0.77,23.11,43.93,52.83,1009.2,0.0,0.0,0.0,0.0,0.0,0.0,0.0,0.0,Ambient,🥶 อุณหภูมิต่ำผิดปกติ (<24.00°C)
2026-02-12 16:24:00,0.0,80.6,0.77,23.07,43.92,52.67,1009.2,0.0,0.0,0.0,0.0,0.0,0.0,0.0,0.0,Ambient,🥶 อุณหภูมิต่ำผิดปกติ (<24.00°C)
2026-02-12 16:25:00,0.0,68.52,0.6,23.07,44.36,52.5,1009.2,0.0,0.0,0.0,0.0,0.0,0.0,0.0,0.0,Ambient,🥶 อุณหภูมิต่ำผิดปกติ (<24.00°C)
2026-02-12 16:26:00,1.77,81.36,0.72,23.03,44.25,53.2,1009.16,96.0,96.0,404.68,60.1,18.0,244.97,270.0,251.0,Ambient,🥶 อุณหภูมิต่ำผิดปกติ (<24.00°C)
2026-02-12 16:27:00,1.76,84.57,0.76,23.01,44.39,54.17,1009.12,96.02,96.02,404.02,60.0,18.0,244.8,270.0,251.0,Ambient,🥶 อุณหภูมิต่ำผิดปกติ (<24.00°C)
2026-02-12 16:28:00,1.73,84.6,0.82,22.99,44.41,53.17,1009.1,96.14,96.14,403.86,60.0,18.0,244.5,270.0,251.0,Ambient,🥶 อุณหภูมิต่ำผิดปกติ (<24.00°C)
2026-02-12 16:29:00,1.76,71.02,0.54,22.97,44.48,51.83,1009.12,96.83,96.83,403.02,60.0,18.0,244.36,270.03,251.0,Ambient,🥶 อุณหภูมิต่ำผิดปกติ (<24.00°C)
2026-02-12 16:30:00,1.78,99.0,0.09,22.94,44.51,51.5,1009.2,97.0,97.0,403.0,60.45,18.0,244.5,270.34,251.0,Ambient,🥶 อุณหภูมิต่ำผิดปกติ (<24.00°C)
2026-02-12 16:31:00,1.8,87.43,0.56,22.89,44.77,52.17,1009.2,97.0,97.0,403.0,60.46,18.0,244.98,271.0,251.0,Ambient,🥶 อุณหภูมิต่ำผิดปกติ (<24.00°C)
2026-02-12 16:32:00,1.78,77.25,0.74,22.83,44.95,53.33,1009.2,97.0,97.0,402.24,60.0,18.0,245.0,271.0,251.0,Ambient,🥶 อุณหภูมิต่ำผิดปกติ (<24.00°C)
2026-02-12 16:33:00,1.73,79.12,0.75,22.77,44.93,52.0,1009.2,97.0,97.0,402.0,60.0,18.0,244.19,270.79,251.0,Ambient,🥶 อุณหภูมิต่ำผิดปกติ (<24.00°C)
2026-02-12 16:34:00,1.67,87.17,0.6,22.76,44.91,52.17,1009.2,97.0,97.0,401.03,59.75,18.0,244.0,270.0,250.89,Ambient,🥶 อุณหภูมิต่ำผิดปกติ (<24.00°C)
2026-02-12 16:35:00,1.65,84.43,0.66,22.71,44.91,52.5,1009.2,97.0,97.0,401.07,59.07,18.0,244.0,270.0,250.37,Ambient,🥶 อุณหภูมิต่ำผิดปกติ (<24.00°C)
2026-02-12 16:36:00,1.65,84.75,0.74,22.7,44.91,51.83,1009.2,97.0,97.0,401.0,59.0,18.0,244.0,270.0,250.0,Ambient,🥶 อุณหภูมิต่ำผิดปกติ (<24.00°C)
2026-02-12 16:37:00,1.63,84.02,0.77,22.65,45.1,52.83,1009.2,97.0,97.0,400.69,59.0,18.0,244.0,270.0,250.02,Ambient,🥶 อุณหภูมิต่ำผิดปกติ (<24.00°C)
2026-02-12 16:38:00,1.65,76.58,0.72,22.61,45.28,51.33,1009.2,97.0,97.0,400.02,59.0,18.0,244.0,270.0,250.5,Ambient,🥶 อุณหภูมิต่ำผิดปกติ (<24.00°C)
2026-02-12 16:39:00,1.6,82.62,0.8,22.57,45.29,51.67,1009.2,97.0,97.0,400.0,58.25,17.49,244.0,270.0,250.52,Ambient,🥶 อุณหภูมิต่ำผิดปกติ (<24.00°C)
2026-02-12 16:40:00,1.61,97.17,0.62,22.54,45.41,51.0,1009.2,97.0,97.0,400.0,58.0,17.0,244.0,270.0,250.98,Ambient,🥶 อุณหภูมิต่ำผิดปกติ (<24.00°C)
2026-02-12 16:41:00,1.61,85.33,0.75,22.53,45.5,51.0,1009.2,97.0,97.0,399.96,58.0,17.0,244.0,270.0,250.67,Ambient,🥶 อุณหภูมิต่ำผิดปกติ (<24.00°C)
2026-02-12 16:42:00,1.6,63.13,0.69,22.54,45.33,50.67,1009.2,97.64,97.64,399.36,58.0,17.0,244.0,270.0,250.08,Ambient,🥶 อุณหภูมิต่ำผิดปกติ (<24.00°C)
2026-02-12 16:43:00,1.6,81.35,0.69,22.53,45.27,50.67,1009.2,98.0,98.0,399.61,58.0,17.02,244.0,270.0,250.05,Ambient,🥶 อุณหภูมิต่ำผิดปกติ (<24.00°C)
2026-02-12 16:44:00,1.69,85.98,0.59,22.53,45.61,50.83,1009.2,98.0,98.0,400.0,58.0,17.0,244.25,270.83,251.0,Ambient,🥶 อุณหภูมิต่ำผิดปกติ (<24.00°C)
2026-02-12 16:45:00,1.73,84.23,0.67,22.54,45.84,51.33,1009.2,98.0,98.0,400.1,58.0,17.98,245.0,271.44,251.0,Ambient,🥶 อุณหภูมิต่ำผิดปกติ (<24.00°C)
2026-02-12 16:46:00,1.74,77.28,0.73,22.58,45.93,51.0,1009.2,98.0,98.0,400.08,58.0,18.0,245.0,272.0,251.0,Ambient,🥶 อุณหภูมิต่ำผิดปกติ (<24.00°C)
2026-02-12 16:47:00,1.8,87.35,0.76,22.57,45.9,51.5,1009.2,98.49,98.49,400.02,58.08,18.0,245.0,272.0,251.02,Ambient,🥶 อุณหภูมิต่ำผิดปกติ (<24.00°C)
2026-02-12 16:48:00,2.0,86.67,0.63,22.58,45.99,50.5,1009.2,102.98,102.98,400.87,60.72,18.53,245.0,272.88,251.71,Ambient,🥶 อุณหภูมิต่ำผิดปกติ (<24.00°C)
2026-02-12 16:49:00,2.07,88.58,0.72,22.57,45.88,50.67,1009.2,103.75,103.75,401.02,61.58,19.0,245.0,273.02,251.42,Ambient,🥶 อุณหภูมิต่ำผิดปกติ (<24.00°C)
2026-02-12 16:50:00,2.13,84.5,0.47,22.6,46.14,51.5,1009.22,103.0,103.0,401.52,62.0,19.0,245.27,273.52,252.17,Ambient,🥶 อุณหภูมิต่ำผิดปกติ (<24.00°C)
2026-02-12 16:51:00,2.32,91.47,0.57,22.64,46.78,50.17,1009.2,103.05,103.05,402.83,62.35,19.0,246.31,275.27,253.3,Ambient,🥶 อุณหภูมิต่ำผิดปกติ (<24.00°C)
2026-02-12 16:52:00,2.54,92.55,0.75,22.64,49.28,50.17,1009.2,101.13,101.13,402.63,63.25,18.75,249.71,279.08,257.44,Ambient,🥶 อุณหภูมิต่ำผิดปกติ (<24.00°C)
2026-02-12 16:53:00,2.53,98.1,0.68,22.72,50.96,51.5,1009.2,98.56,98.56,399.93,61.6,18.0,251.67,281.4,259.75,Ambient,🥶 อุณหภูมิต่ำผิดปกติ (<24.00°C)
2026-02-12 16:54:00,2.52,86.67,0.76,22.84,52.05,53.33,1009.2,97.02,97.02,397.68,60.29,17.04,253.09,282.9,261.73,Ambient,🥶 อุณหภูมิต่ำผิดปกติ (<24.00°C)
2026-02-12 16:55:00,2.51,90.43,0.74,22.92,52.83,55.0,1009.2,95.99,95.99,394.97,59.33,17.0,254.2,283.81,262.85,Ambient,🥶 อุณหภูมิต่ำผิดปกติ (<24.00°C)
2026-02-12 16:56:00,2.4,87.83,0.69,23.02,53.13,54.5,1009.2,95.0,95.0,392.23,58.2,16.03,255.0,284.0,263.36,Ambient,🥶 อุณหภูมิต่ำผิดปกติ (<24.00°C)
2026-02-12 16:57:00,2.37,91.4,0.75,23.1,53.45,55.67,1009.2,94.24,94.24,390.02,57.22,16.0,255.4,284.72,264.0,Ambient,🥶 อุณหภูมิต่ำผิดปกติ (<24.00°C)
2026-02-12 16:58:00,2.31,81.63,0.7,23.21,53.6,55.67,1009.23,93.83,93.83,387.67,56.1,15.47,255.75,284.5,264.35,Ambient,🥶 อุณหภูมิต่ำผิดปกติ (<24.00°C)
2026-02-12 16:59:00,2.26,84.02,0.67,23.28,53.79,57.0,1009.25,93.08,93.08,385.79,55.38,15.0,256.0,285.0,265.0,Ambient,🥶 อุณหภูมิต่ำผิดปกติ (<24.00°C)
2026-02-12 17:00:00,2.17,89.4,0.72,23.38,53.59,56.83,1009.2,93.02,93.02,384.74,54.88,15.0,256.0,284.2,264.67,Ambient,🥶 อุณหภูมิต่ำผิดปกติ (<24.00°C)
2026-02-12 17:01:00,2.09,83.08,0.76,23.46,53.4,56.5,1009.22,93.0,93.0,383.22,54.0,15.0,255.83,283.8,264.51,Ambient,🥶 อุณหภูมิต่ำผิดปกติ (<24.00°C)
2026-02-12 17:02:00,2.08,83.32,0.67,23.5,52.99,57.17,1009.2,93.4,93.4,383.96,54.0,15.0,255.06,283.0,264.0,Ambient,🥶 อุณหภูมิต่ำผิดปกติ (<24.00°C)
2026-02-12 17:03:00,2.18,81.42,0.72,23.56,53.11,56.17,1009.28,93.88,93.88,384.56,54.0,15.0,255.75,283.21,264.08,Ambient,🥶 อุณหภูมิต่ำผิดปกติ (<24.00°C)
2026-02-12 17:04:00,2.14,85.12,0.74,23.59,53.37,57.0,1009.3,93.19,93.19,384.67,53.54,15.0,256.0,284.0,264.98,Ambient,🥶 อุณหภูมิต่ำผิดปกติ (<24.00°C)
2026-02-12 17:05:00,2.03,79.08,0.68,23.64,53.15,57.0,1009.3,93.0,93.0,383.25,53.0,14.65,256.0,283.11,264.33,Ambient,🥶 อุณหภูมิต่ำผิดปกติ (<24.00°C)
2026-02-12 17:06:00,1.95,86.42,0.71,23.68,52.97,56.67,1009.3,93.0,93.0,382.19,52.33,14.0,255.36,282.64,264.08,Ambient,🥶 อุณหภูมิต่ำผิดปกติ (<24.00°C)
2026-02-12 17:07:00,1.93,93.37,0.72,23.72,52.86,56.17,1009.3,93.0,93.0,381.08,52.0,14.0,255.09,282.0,264.0,Ambient,🥶 อุณหภูมิต่ำผิดปกติ (<24.00°C)
2026-02-12 17:08:00,1.85,84.07,0.72,23.74,52.73,56.5,1009.3,93.0,93.0,381.0,51.45,14.0,255.0,281.7,263.84,Ambient,🥶 อุณหภูมิต่ำผิดปกติ (<24.00°C)
2026-02-12 17:09:00,1.8,97.88,0.54,23.75,52.34,58.2,1009.3,93.0,93.0,380.5,51.0,14.0,254.56,280.98,263.21,Ambient,🥶 อุณหภูมิต่ำผิดปกติ (<24.00°C)
2026-02-12 17:10:00,1.71,83.1,0.76,23.77,51.23,57.17,1009.3,93.36,93.36,381.29,51.0,14.0,253.32,279.2,261.59,Ambient,🥶 อุณหภูมิต่ำผิดปกติ (<24.00°C)
2026-02-12 17:11:00,1.61,82.0,0.78,23.74,50.5,55.5,1009.3,94.0,94.0,383.49,51.0,14.0,252.07,277.53,260.15,Ambient,🥶 อุณหภูมิต่ำผิดปกติ (<24.00°C)
2026-02-12 17:12:00,1.54,83.78,0.8,23.75,49.62,53.5,1009.3,94.83,94.83,384.86,50.66,14.0,250.81,275.92,258.69,Ambient,🥶 อุณหภูมิต่ำผิดปกติ (<24.00°C)
2026-02-12 17:13:00,1.44,81.33,0.83,23.72,48.58,54.33,1009.3,95.0,95.0,385.63,50.0,14.0,249.5,274.17,257.0,Ambient,🥶 อุณหภูมิต่ำผิดปกติ (<24.00°C)
2026-02-12 17:14:00,1.33,80.73,0.79,23.7,47.85,53.0,1009.3,95.61,95.61,386.0,50.0,14.02,248.53,272.86,256.1,Ambient,🥶 อุณหภูมิต่ำผิดปกติ (<24.00°C)
2026-02-12 17:15:00,1.35,77.72,0.71,23.65,47.48,53.67,1009.3,96.0,96.0,386.78,50.0,14.83,248.0,272.0,255.0,Ambient,🥶 อุณหภูมิต่ำผิดปกติ (<24.00°C)
2026-02-12 17:16:00,1.29,79.13,0.69,23.61,47.27,53.5,1009.3,96.0,96.0,387.86,50.42,15.0,247.55,271.5,254.68,Ambient,🥶 อุณหภูมิต่ำผิดปกติ (<24.00°C)
2026-02-12 17:17:00,1.3,80.1,0.75,23.54,46.82,54.0,1009.3,96.6,96.6,388.45,50.89,15.0,246.83,270.69,253.86,Ambient,🥶 อุณหภูมิต่ำผิดปกติ (<24.00°C)
2026-02-12 17:18:00,1.26,79.65,0.68,23.54,46.48,52.5,1009.3,97.0,97.0,389.0,51.0,15.0,246.0,269.96,253.0,Ambient,🥶 อุณหภูมิต่ำผิดปกติ (<24.00°C)
2026-02-12 17:19:00,1.33,74.77,0.75,23.49,46.13,53.0,1009.3,97.33,97.33,390.0,51.0,15.08,246.0,269.5,252.89,Ambient,🥶 อุณหภูมิต่ำผิดปกติ (<24.00°C)
2026-02-12 17:20:00,1.44,75.98,0.73,23.39,46.15,52.17,1009.3,98.0,98.0,392.07,52.04,16.0,245.86,270.0,252.65,Ambient,🥶 อุณหภูมิต่ำผิดปกติ (<24.00°C)
2026-02-12 17:21:00,1.69,81.86,0.68,23.31,48.0,52.4,1009.3,96.88,96.88,393.24,53.0,16.16,247.78,272.68,255.44,Ambient,🥶 อุณหภูมิต่ำผิดปกติ (<24.00°C)
2026-02-12 17:22:00,1.71,84.87,0.71,23.32,49.51,54.0,1009.3,95.35,95.35,389.95,52.98,15.67,249.78,275.61,257.88,Ambient,🥶 อุณหภูมิต่ำผิดปกติ (<24.00°C)
2026-02-12 17:23:00,1.69,86.63,0.73,23.3,50.2,53.5,1009.3,94.58,94.58,387.5,52.06,15.0,250.6,276.42,258.83,Ambient,🥶 อุณหภูมิต่ำผิดปกติ (<24.00°C)
2026-02-12 17:24:00,1.69,81.45,0.6,23.33,50.81,55.33,1009.3,94.0,94.0,385.5,51.72,15.0,251.2,277.22,259.76,Ambient,🥶 อุณหภูมิต่ำผิดปกติ (<24.00°C)
2026-02-12 17:25:00,1.61,85.75,0.73,23.36,51.2,55.83,1009.32,93.25,93.25,383.06,51.0,14.53,252.0,278.0,260.13,Ambient,🥶 อุณหภูมิต่ำผิดปกติ (<24.00°C)
2026-02-12 17:26:00,1.65,82.85,0.53,23.38,51.46,54.5,1009.33,93.0,93.0,381.68,51.0,14.0,252.0,278.24,260.46,Ambient,🥶 อุณหภูมิต่ำผิดปกติ (<24.00°C)
2026-02-12 17:27:00,1.64,83.65,0.7,23.42,51.67,55.33,1009.4,93.0,93.0,380.98,50.24,14.0,252.38,279.0,261.0,Ambient,🥶 อุณหภูมิต่ำผิดปกติ (<24.00°C)
2026-02-12 17:28:00,1.6,85.97,0.76,23.44,51.5,55.83,1009.4,93.0,93.0,380.04,50.0,14.0,252.0,278.63,260.63,Ambient,🥶 อุณหภูมิต่ำผิดปกติ (<24.00°C)
2026-02-12 17:29:00,1.58,86.95,0.78,23.43,51.53,55.83,1009.4,93.0,93.0,379.33,50.0,14.0,252.05,278.71,260.8,Ambient,🥶 อุณหภูมิต่ำผิดปกติ (<24.00°C)
2026-02-12 17:30:00,1.55,85.9,0.81,23.43,51.68,55.5,1009.42,93.0,93.0,378.33,49.8,14.0,252.66,279.0,261.0,Ambient,🥶 อุณหภูมิต่ำผิดปกติ (<24.00°C)
2026-02-12 17:31:00,1.54,83.98,0.7,23.44,51.62,56.33,1009.5,93.0,93.0,377.99,49.12,14.0,252.13,279.0,261.0,Ambient,🥶 อุณหภูมิต่ำผิดปกติ (<24.00°C)
2026-02-12 17:32:00,1.53,83.08,0.74,23.46,51.71,56.83,1009.5,92.94,92.94,377.44,49.0,14.0,252.18,279.0,260.98,Ambient,🥶 อุณหภูมิต่ำผิดปกติ (<24.00°C)
2026-02-12 17:33:00,1.53,81.78,0.78,23.46,51.72,57.33,1009.5,92.91,92.91,377.0,49.0,14.0,252.25,278.89,261.0,Ambient,🥶 อุณหภูมิต่ำผิดปกติ (<24.00°C)
2026-02-12 17:34:00,1.42,84.45,0.74,23.46,51.25,57.83,1009.5,92.95,92.95,377.0,49.0,14.0,251.88,278.33,260.16,Ambient,🥶 อุณหภูมิต่ำผิดปกติ (<24.00°C)
2026-02-12 17:35:00,1.27,83.13,0.79,23.46,50.01,55.83,1009.5,93.15,93.15,377.5,49.0,14.0,250.41,276.02,258.05,Ambient,🥶 อุณหภูมิต่ำผิดปกติ (<24.00°C)
2026-02-12 17:36:00,1.16,80.05,0.8,23.44,49.03,54.83,1009.5,94.0,94.0,378.53,49.0,14.0,248.72,273.83,256.38,Ambient,🥶 อุณหภูมิต่ำผิดปกติ (<24.00°C)
2026-02-12 17:37:00,1.09,75.93,0.72,23.41,48.29,53.17,1009.6,94.0,94.0,379.47,49.0,14.0,247.79,272.25,255.0,Ambient,🥶 อุณหภูมิต่ำผิดปกติ (<24.00°C)
2026-02-12 17:38:00,1.12,80.93,0.74,23.41,48.31,52.83,1009.6,94.0,94.0,380.06,49.0,14.0,248.0,272.39,255.44,Ambient,🥶 อุณหภูมิต่ำผิดปกติ (<24.00°C)
2026-02-12 17:39:00,1.09,81.65,0.84,23.36,47.82,51.75,1009.6,94.91,94.91,380.44,49.0,14.0,247.09,271.67,254.2,Ambient,🥶 อุณหภูมิต่ำผิดปกติ (<24.00°C)
2026-02-12 17:40:00,1.19,85.7,0.85,23.3,46.86,51.0,1009.6,92.97,92.97,384.63,49.0,13.32,246.16,272.44,252.63,Ambient,🥶 อุณหภูมิต่ำผิดปกติ (<24.00°C)
2026-02-12 17:41:00,1.03,79.27,0.79,23.25,46.64,52.33,1009.6,96.21,96.21,385.03,48.74,13.0,245.03,270.28,252.0,Ambient,🥶 อุณหภูมิต่ำผิดปกติ (<24.00°C)
2026-02-12 17:42:00,1.16,85.47,0.77,23.23,46.86,52.83,1009.6,97.0,97.0,386.22,49.0,13.97,245.92,269.94,252.58,Ambient,🥶 อุณหภูมิต่ำผิดปกติ (<24.00°C)
2026-02-12 17:43:00,1.17,87.13,0.82,23.17,46.71,52.5,1009.6,97.0,97.0,387.13,49.93,14.02,245.7,270.0,252.18,Ambient,🥶 อุณหภูมิต่ำผิดปกติ (<24.00°C)
2026-02-12 17:44:00,1.32,86.98,0.83,23.11,46.87,51.83,1009.63,97.5,97.5,388.42,50.16,15.0,245.58,270.31,252.33,Ambient,🥶 อุณหภูมิต่ำผิดปกติ (<24.00°C)
2026-02-12 17:45:00,1.35,79.18,0.67,23.05,47.1,52.5,1009.65,98.0,98.0,389.97,51.0,15.0,246.0,271.0,252.83,Ambient,🥶 อุณหภูมิต่ำผิดปกติ (<24.00°C)
2026-02-12 17:46:00,1.35,82.04,0.81,23.01,46.87,51.8,1009.64,98.0,98.0,391.22,51.89,15.83,245.52,270.7,252.37,Ambient,🥶 อุณหภูมิต่ำผิดปกติ (<24.00°C)
2026-02-12 17:47:00,1.31,83.34,0.7,22.97,46.48,51.0,1009.7,98.0,98.0,391.0,52.0,16.0,245.0,270.0,251.31,Ambient,🥶 อุณหภูมิต่ำผิดปกติ (<24.00°C)
2026-02-12 17:48:00,1.32,82.85,0.72,22.95,46.25,52.0,1009.68,98.92,98.92,391.9,52.0,16.0,244.44,269.83,251.0,Ambient,🥶 อุณหภูมิต่ำผิดปกติ (<24.00°C)
2026-02-12 17:49:00,1.53,88.33,0.8,22.91,47.17,53.0,1009.7,98.53,98.53,392.52,52.58,16.0,245.06,270.49,252.03,Ambient,🥶 อุณหภูมิต่ำผิดปกติ (<24.00°C)
2026-02-12 17:50:00,1.67,86.58,0.64,22.9,48.92,53.33,1009.7,96.97,96.97,391.74,52.99,16.0,247.69,273.92,255.14,Ambient,🥶 อุณหภูมิต่ำผิดปกติ (<24.00°C)
2026-02-12 17:51:00,1.69,85.68,0.73,22.91,50.1,52.83,1009.75,95.61,95.61,389.17,52.0,15.42,249.45,276.07,257.22,Ambient,🥶 อุณหภูมิต่ำผิดปกติ (<24.00°C)
2026-02-12 17:52:00,1.7,93.58,0.72,22.94,50.98,53.0,1009.77,94.64,94.64,386.63,51.78,15.0,250.8,277.66,258.8,Ambient,🥶 อุณหภูมิต่ำผิดปกติ (<24.00°C)
2026-02-12 17:53:00,1.65,88.1,0.79,22.98,51.38,52.67,1009.8,94.0,94.0,384.77,51.0,15.0,251.0,278.0,259.0,Ambient,🥶 อุณหภูมิต่ำผิดปกติ (<24.00°C)
2026-02-12 17:54:00,1.61,85.85,0.75,23.03,51.54,53.0,1009.8,94.0,94.0,383.21,50.56,14.72,251.03,278.0,259.16,Ambient,🥶 อุณหภูมิต่ำผิดปกติ (<24.00°C)
2026-02-12 17:55:00,1.63,89.62,0.74,23.06,51.95,54.0,1009.82,93.13,93.13,382.17,50.0,14.0,251.97,278.83,260.02,Ambient,🥶 อุณหภูมิต่ำผิดปกติ (<24.00°C)
2026-02-12 17:56:00,1.65,95.98,0.64,23.12,52.16,54.17,1009.85,93.0,93.0,381.39,50.0,14.0,252.03,279.02,260.39,Ambient,🥶 อุณหภูมิต่ำผิดปกติ (<24.00°C)
2026-02-12 17:57:00,1.65,91.1,0.73,23.17,52.3,54.0,1009.9,93.0,93.0,380.72,49.78,14.0,253.0,280.0,261.0,Ambient,🥶 อุณหภูมิต่ำผิดปกติ (<24.00°C)
2026-02-12 17:58:00,1.61,89.92,0.69,23.21,52.31,54.83,1009.9,92.75,92.75,379.31,49.0,14.0,252.96,279.69,261.0,Ambient,🥶 อุณหภูมิต่ำผิดปกติ (<24.00°C)
2026-02-12 17:59:00,1.54,85.22,0.67,23.29,52.17,56.0,1009.9,92.14,92.14,378.53,49.0,14.0,252.7,279.11,260.98,Ambient,🥶 อุณหภูมิต่ำผิดปกติ (<24.00°C)
2026-02-12 18:00:00,1.51,93.07,0.72,23.3,52.0,56.33,1009.9,92.0,92.0,377.62,48.14,14.0,252.31,278.94,260.66,Ambient,🥶 อุณหภูมิต่ำผิดปกติ (<24.00°C)
2026-02-12 18:01:00,1.47,84.65,0.73,23.32,52.2,54.5,1009.93,92.0,92.0,376.69,48.0,13.25,252.97,279.0,261.0,Ambient,🥶 อุณหภูมิต่ำผิดปกติ (<24.00°C)
2026-02-12 18:02:00,1.48,90.96,0.69,23.37,52.38,54.4,1009.9,92.0,92.0,375.43,48.0,13.0,253.0,279.35,261.24,Ambient,🥶 อุณหภูมิต่ำผิดปกติ (<24.00°C)
2026-02-12 18:03:00,1.44,87.92,0.64,23.43,52.41,55.5,1009.95,92.0,92.0,375.0,47.48,13.0,253.0,279.46,261.29,Ambient,🥶 อุณหภูมิต่ำผิดปกติ (<24.00°C)
2026-02-12 18:04:00,1.44,89.32,0.56,23.44,52.52,54.17,1010.0,91.37,91.37,374.12,47.0,13.0,253.05,279.87,261.86,Ambient,🥶 อุณหภูมิต่ำผิดปกติ (<24.00°C)
2026-02-12 18:05:00,1.38,90.93,0.66,23.49,52.38,55.17,1010.0,91.39,91.39,373.81,47.0,13.0,253.0,279.54,261.59,Ambient,🥶 อุณหภูมิต่ำผิดปกติ (<24.00°C)
2026-02-12 18:06:00,1.41,95.35,0.59,23.51,52.25,55.67,1010.0,91.38,91.38,373.45,47.0,13.0,253.0,279.33,261.53,Ambient,🥶 อุณหภูมิต่ำผิดปกติ (<24.00°C)
2026-02-12 18:07:00,1.37,89.7,0.68,23.53,51.96,56.0,1010.0,91.88,91.88,373.69,47.0,13.0,253.0,279.0,261.0,Ambient,🥶 อุณหภูมิต่ำผิดปกติ (<24.00°C)
2026-02-12 18:08:00,1.38,98.02,0.66,23.54,51.93,54.83,1010.0,91.91,91.91,373.13,47.0,13.0,252.97,278.89,261.0,Ambient,🥶 อุณหภูมิต่ำผิดปกติ (<24.00°C)
2026-02-12 18:09:00,1.32,89.22,0.77,23.54,51.79,55.2,1010.02,91.86,91.86,373.33,46.69,13.0,252.79,278.31,261.0,Ambient,🥶 อุณหภูมิต่ำผิดปกติ (<24.00°C)
2026-02-12 18:10:00,1.32,86.98,0.71,23.57,51.83,53.5,1010.05,91.86,91.86,372.99,46.21,13.0,252.64,278.17,260.97,Ambient,🥶 อุณหภูมิต่ำผิดปกติ (<24.00°C)
2026-02-12 18:11:00,1.27,96.48,0.71,23.54,51.92,55.17,1010.03,91.16,91.16,372.14,46.0,13.0,252.68,278.3,260.92,Ambient,🥶 อุณหภูมิต่ำผิดปกติ (<24.00°C)
2026-02-12 18:12:00,1.24,89.47,0.71,23.54,51.59,55.67,1010.05,91.48,91.48,371.98,46.0,13.0,252.06,277.9,260.15,Ambient,🥶 อุณหภูมิต่ำผิดปกติ (<24.00°C)
2026-02-12 18:13:00,1.26,86.85,0.47,23.53,51.81,56.0,1010.1,91.46,91.46,372.0,46.0,13.0,252.0,278.0,260.47,Ambient,🥶 อุณหภูมิต่ำผิดปกติ (<24.00°C)
2026-02-12 18:14:00,1.24,75.9,0.0,23.53,52.23,55.0,1010.1,91.13,91.13,372.0,46.0,13.0,252.0,278.0,260.19,Ambient,🥶 อุณหภูมิต่ำผิดปกติ (<24.00°C)
2026-03-03 15:48:00,0.32,291.28,0.53,38.97,26.17,29.5,1003.72,84.62,84.62,90.77,32.0,5.0,253.3,223.65,249.97,Ambient,🌡️ อุณหภูมิสูงผิดปกติ (>38.96°C)
2026-03-03 15:49:00,0.31,323.95,0.94,39.02,26.12,27.33,1003.7,82.8,82.8,83.04,31.31,5.0,253.06,222.3,249.88,Ambient,🌡️ อุณหภูมิสูงผิดปกติ (>38.96°C)
2026-03-03 15:50:00,0.3,310.65,0.51,39.09,26.44,27.83,1003.7,87.78,87.78,100.05,32.17,5.02,254.09,225.55,250.88,Ambient,🌡️ อุณหภูมิสูงผิดปกติ (>38.96°C)
2026-03-03 15:51:00,0.28,320.43,0.92,39.27,26.4,28.0,1003.7,87.21,87.21,99.73,32.3,5.85,255.23,226.68,251.47,Ambient,🌡️ อุณหภูมิสูงผิดปกติ (>38.96°C)
2026-03-03 15:52:00,0.33,272.93,0.65,39.31,25.96,28.0,1003.7,85.3,85.3,89.93,31.99,5.21,254.19,224.79,250.81,Ambient,🌡️ อุณหภูมิสูงผิดปกติ (>38.96°C)
2026-03-03 15:53:00,0.29,331.2,1.03,39.31,25.8,29.2,1003.7,83.64,83.64,84.4,31.86,5.0,253.7,223.55,250.33,Ambient,🌡️ อุณหภูมิสูงผิดปกติ (>38.96°C)
2026-03-03 15:54:00,0.3,311.25,1.31,39.23,25.68,29.0,1003.7,82.38,82.38,78.55,31.16,5.0,253.03,221.88,249.32,Ambient,🌡️ อุณหภูมิสูงผิดปกติ (>38.96°C)
2026-03-03 15:55:00,0.29,332.38,0.54,39.06,26.28,29.0,1003.7,82.44,82.44,78.89,31.36,5.0,253.48,221.75,249.84,Ambient,🌡️ อุณหภูมิสูงผิดปกติ (>38.96°C)
2026-03-03 15:56:00,0.3,221.87,0.61,39.01,26.4,30.0,1003.7,83.95,83.95,84.07,32.0,5.0,254.52,224.8,251.24,Ambient,🌡️ อุณหภูมิสูงผิดปกติ (>38.96°C)
2026-03-03 15:57:00,0.31,276.87,0.97,39.0,26.58,29.67,1003.7,83.75,83.75,83.89,32.0,5.0,254.55,224.85,251.35,Ambient,🌡️ อุณหภูมิสูงผิดปกติ (>38.96°C)
2026-03-03 15:58:00,0.32,258.95,0.28,39.02,26.56,29.5,1003.7,87.23,87.23,92.84,32.38,5.05,255.25,227.74,251.56,Ambient,🌡️ อุณหภูมิสูงผิดปกติ (>38.96°C)
2026-03-03 15:59:00,0.32,224.02,0.8,39.13,26.43,30.83,1003.7,87.55,87.55,94.24,32.47,5.63,255.38,229.86,251.53,Ambient,🌡️ อุณหภูมิสูงผิดปกติ (>38.96°C)
2026-03-03 16:00:00,0.29,100.07,0.61,39.13,26.43,31.0,1003.65,86.41,86.41,88.81,32.0,5.0,254.65,226.58,251.28,Ambient,🌡️ อุณหภูมิสูงผิดปกติ (>38.96°C)
2026-03-03 16:01:00,0.27,259.28,0.44,39.15,26.8,30.17,1003.68,88.22,88.22,93.88,32.5,5.78,255.61,228.25,251.91,Ambient,🌡️ อุณหภูมิสูงผิดปกติ (>38.96°C)
2026-03-03 16:02:00,0.3,318.93,0.44,39.24,26.36,30.67,1003.65,90.47,90.47,105.28,32.83,6.0,255.27,230.21,251.52,Ambient,🌡️ อุณหภูมิสูงผิดปกติ (>38.96°C)
2026-03-03 16:03:00,0.29,315.48,0.67,39.31,26.04,31.17,1003.6,84.42,84.42,78.24,32.0,5.3,254.72,225.77,251.27,Ambient,🌡️ อุณหภูมิสูงผิดปกติ (>38.96°C)
2026-03-03 16:04:00,0.3,251.23,0.92,39.31,26.21,31.17,1003.6,88.04,88.04,88.02,32.42,5.23,254.9,227.51,251.25,Ambient,🌡️ อุณหภูมิสูงผิดปกติ (>38.96°C)
2026-03-03 16:05:00,0.29,203.52,0.44,39.34,26.41,32.83,1003.6,95.84,95.84,112.22,33.71,6.4,256.87,237.55,252.76,Ambient,🌡️ อุณหภูมิสูงผิดปกติ (>38.96°C)
2026-03-03 16:06:00,0.31,268.33,0.1,39.39,26.25,30.83,1003.6,90.1,90.1,97.13,33.02,6.38,255.95,232.53,252.06,Ambient,🌡️ อุณหภูมิสูงผิดปกติ (>38.96°C)
2026-03-03 16:07:00,0.3,228.85,0.43,39.44,26.05,30.33,1003.6,86.13,86.13,82.54,32.46,6.0,255.02,227.56,251.61,Ambient,🌡️ อุณหภูมิสูงผิดปกติ (>38.96°C)
2026-03-03 16:08:00,0.28,28.23,0.35,39.4,26.26,31.33,1003.6,88.47,88.47,84.38,32.91,5.66,255.78,230.36,252.09,Ambient,🌡️ อุณหภูมิสูงผิดปกติ (>38.96°C)
2026-03-03 16:09:00,0.28,231.65,0.36,39.31,26.3,31.83,1003.58,97.48,97.48,117.48,33.96,6.67,256.8,237.82,252.78,Ambient,🌡️ อุณหภูมิสูงผิดปกติ (>38.96°C)
2026-03-03 16:10:00,0.31,275.47,0.28,39.32,26.25,29.83,1003.6,87.69,87.69,86.34,32.72,6.27,255.36,228.94,251.68,Ambient,🌡️ อุณหภูมิสูงผิดปกติ (>38.96°C)
2026-03-03 16:11:00,0.28,292.75,0.37,39.41,26.4,29.83,1003.6,96.56,96.56,119.0,33.55,6.81,256.56,233.95,252.64,Ambient,🌡️ อุณหภูมิสูงผิดปกติ (>38.96°C)
2026-03-03 16:12:00,0.31,92.88,0.34,39.53,26.31,31.6,1003.6,94.12,94.12,109.52,33.7,7.27,257.08,235.93,253.16,Ambient,🌡️ อุณหภูมิสูงผิดปกติ (>38.96°C)
2026-03-03 16:13:00,0.3,322.33,0.99,39.57,25.84,29.67,1003.6,85.46,85.46,79.71,32.39,6.05,254.89,227.28,251.24,Ambient,🌡️ อุณหภูมิสูงผิดปกติ (>38.96°C)
2026-03-03 16:14:00,0.29,321.82,0.69,39.5,26.04,28.67,1003.6,84.44,84.44,75.11,32.27,5.0,255.17,225.93,251.93,Ambient,🌡️ อุณหภูมิสูงผิดปกติ (>38.96°C)
2026-03-03 16:15:00,0.3,311.28,1.39,39.34,25.71,29.17,1003.53,83.38,83.38,71.91,32.13,5.0,254.33,224.53,250.63,Ambient,🌡️ อุณหภูมิสูงผิดปกติ (>38.96°C)
2026-03-03 16:16:00,0.32,328.0,1.49,39.03,26.26,29.0,1003.5,83.66,83.66,71.27,32.02,5.0,254.24,224.05,251.01,Ambient,🌡️ อุณหภูมิสูงผิดปกติ (>38.96°C)
2026-03-03 16:21:00,0.3,313.63,1.05,39.06,26.52,29.83,1003.5,85.81,85.81,81.85,32.66,5.64,255.53,227.02,251.73,Ambient,🌡️ อุณหภูมิสูงผิดปกติ (>38.96°C)
2026-03-03 16:22:00,0.31,321.02,1.19,39.0,26.13,29.0,1003.5,83.17,83.17,70.91,32.0,5.0,254.08,224.24,250.46,Ambient,🌡️ อุณหภูมิสูงผิดปกติ (>38.96°C)
2026-03-04 11:13:00,0.32,247.53,2.15,34.53,23.84,32.5,1009.03,86.52,86.52,85.89,26.28,6.4,229.72,201.45,223.25,Ambient,🏜️ ความชื้นต่ำผิดปกติ (<24.22%)
2026-03-04 11:14:00,0.31,253.22,2.58,34.33,23.52,32.83,1009.0,82.94,82.94,76.64,25.67,5.03,228.27,195.97,222.28,Ambient,🏜️ ความชื้นต่ำผิดปกติ (<24.22%)
2026-03-04 11:32:00,0.31,290.27,1.39,34.12,24.01,34.17,1008.8,82.31,82.31,76.49,27.0,5.0,231.95,199.2,226.16,Ambient,🏜️ ความชื้นต่ำผิดปกติ (<24.22%)
2026-03-04 12:02:00,0.31,256.48,0.82,35.66,22.85,35.67,1008.2,91.21,91.21,94.97,28.74,6.16,236.22,208.05,230.18,Ambient,🏜️ ความชื้นต่ำผิดปกติ (<24.22%)
2026-03-04 12:03:00,0.29,253.87,0.2,35.85,22.51,35.83,1008.2,90.4,90.4,94.13,28.47,6.0,234.34,205.17,228.26,Ambient,🏜️ ความชื้นต่ำผิดปกติ (<24.22%)
2026-03-04 12:04:00,0.26,229.87,1.38,36.07,21.52,35.17,1008.12,88.58,88.58,89.65,27.96,5.9,232.83,202.09,226.71,Ambient,🏜️ ความชื้นต่ำผิดปกติ (<24.22%)
2026-03-04 12:05:00,0.3,196.47,2.2,36.1,21.49,34.0,1008.1,89.43,89.43,95.6,28.0,5.68,231.98,200.69,225.99,Ambient,🏜️ ความชื้นต่ำผิดปกติ (<24.22%)
2026-03-04 12:06:00,0.32,215.47,1.6,36.01,21.59,34.17,1008.08,85.53,85.53,78.78,27.77,5.0,231.72,198.78,226.0,Ambient,🏜️ ความชื้นต่ำผิดปกติ (<24.22%)
2026-03-04 12:07:00,0.32,197.07,2.23,35.87,22.09,34.83,1008.02,89.03,89.03,87.05,28.0,5.14,233.36,201.42,227.58,Ambient,🏜️ ความชื้นต่ำผิดปกติ (<24.22%)
2026-03-04 12:08:00,0.29,196.67,3.66,35.79,22.49,34.17,1008.02,84.6,84.6,76.58,28.0,5.1,233.63,200.46,228.09,Ambient,🏜️ ความชื้นต่ำผิดปกติ (<24.22%)
2026-03-04 12:09:00,0.29,186.07,3.32,35.56,22.59,34.83,1008.02,82.37,82.37,71.25,28.0,5.0,233.21,198.94,227.94,Ambient,🏜️ ความชื้นต่ำผิดปกติ (<24.22%)
2026-03-04 12:10:00,0.29,186.27,1.99,35.3,22.92,34.0,1008.0,82.07,82.07,71.18,27.99,4.07,233.59,199.0,228.18,Ambient,🏜️ ความชื้นต่ำผิดปกติ (<24.22%)
2026-03-04 12:11:00,0.31,161.22,0.64,35.11,24.12,35.0,1008.0,84.32,84.32,74.77,28.61,4.53,236.72,203.87,231.59,Ambient,🏜️ ความชื้นต่ำผิดปกติ (<24.22%)
2026-03-04 12:12:00,0.3,187.87,0.73,35.02,24.12,37.5,1008.0,84.02,84.02,74.25,28.8,5.0,237.05,204.83,231.61,Ambient,🏜️ ความชื้นต่ำผิดปกติ (<24.22%)
2026-03-04 12:13:00,0.31,157.12,0.19,34.99,24.18,38.0,1008.0,84.23,84.23,75.81,28.97,5.0,237.18,205.2,232.0,Ambient,🏜️ ความชื้นต่ำผิดปกติ (<24.22%)
2026-03-04 12:14:00,0.32,190.55,1.58,35.04,24.16,37.0,1007.9,85.11,85.11,79.85,29.0,5.0,237.54,205.52,232.5,Ambient,🏜️ ความชื้นต่ำผิดปกติ (<24.22%)
2026-03-04 12:15:00,0.32,147.33,1.34,35.14,23.86,36.33,1007.9,84.36,84.36,77.94,28.57,5.0,237.2,205.09,231.89,Ambient,🏜️ ความชื้นต่ำผิดปกติ (<24.22%)
2026-03-04 12:16:00,0.31,215.62,2.0,35.23,22.45,35.17,1007.9,83.8,83.8,75.49,27.73,4.77,233.24,200.76,227.38,Ambient,🏜️ ความชื้นต่ำผิดปกติ (<24.22%)
2026-03-04 12:17:00,0.31,227.67,1.59,35.25,22.5,34.17,1007.9,86.02,86.02,78.0,28.0,4.64,233.03,200.43,227.46,Ambient,🏜️ ความชื้นต่ำผิดปกติ (<24.22%)
2026-03-04 12:18:00,0.28,197.82,2.62,35.38,22.39,35.67,1007.88,87.19,87.19,81.08,28.04,5.0,233.35,201.69,227.54,Ambient,🏜️ ความชื้นต่ำผิดปกติ (<24.22%)
2026-03-04 12:19:00,0.29,212.92,1.18,35.39,21.74,36.0,1007.88,82.41,82.41,71.55,27.38,4.49,231.22,197.34,225.49,Ambient,🏜️ ความชื้นต่ำผิดปกติ (<24.22%)
2026-03-04 12:20:00,0.31,241.42,1.88,35.29,21.94,34.5,1007.8,82.31,82.31,71.54,27.0,4.0,231.04,195.74,225.64,Ambient,🏜️ ความชื้นต่ำผิดปกติ (<24.22%)
2026-03-04 12:21:00,0.29,207.02,3.06,35.22,22.6,35.17,1007.8,82.52,82.52,72.43,27.27,4.0,232.13,196.83,226.57,Ambient,🏜️ ความชื้นต่ำผิดปกติ (<24.22%)
2026-03-04 12:22:00,0.32,245.18,2.46,35.13,22.22,34.0,1007.77,82.63,82.63,72.03,27.0,4.0,230.91,195.25,225.25,Ambient,🏜️ ความชื้นต่ำผิดปกติ (<24.22%)
2026-03-04 12:23:00,0.28,243.7,2.07,35.05,21.98,32.67,1007.72,80.55,80.55,69.66,27.0,4.0,230.74,194.53,225.27,Ambient,🏜️ ความชื้นต่ำผิดปกติ (<24.22%)
2026-03-04 12:24:00,0.31,168.92,1.67,35.02,22.22,34.0,1007.7,83.21,83.21,81.02,27.11,4.0,231.74,196.82,225.97,Ambient,🏜️ ความชื้นต่ำผิดปกติ (<24.22%)
2026-03-04 12:25:00,0.3,178.82,1.79,35.1,22.27,34.5,1007.7,84.47,84.47,88.22,27.51,4.0,232.39,200.42,226.58,Ambient,🏜️ ความชื้นต่ำผิดปกติ (<24.22%)
2026-03-04 12:26:00,0.31,197.3,1.35,35.1,22.33,33.67,1007.68,82.33,82.33,79.38,27.23,4.0,232.33,197.95,226.71,Ambient,🏜️ ความชื้นต่ำผิดปกติ (<24.22%)
2026-03-04 12:27:00,0.29,155.4,1.01,35.14,22.14,35.33,1007.7,83.58,83.58,80.69,27.44,4.0,232.43,200.66,226.66,Ambient,🏜️ ความชื้นต่ำผิดปกติ (<24.22%)
2026-03-04 12:28:00,0.31,174.65,0.17,35.29,22.13,35.5,1007.7,91.62,91.62,99.09,28.68,4.63,234.75,210.15,228.62,Ambient,🏜️ ความชื้นต่ำผิดปกติ (<24.22%)
2026-03-04 12:29:00,0.29,234.25,0.62,35.51,22.11,36.17,1007.62,87.07,87.07,89.17,28.0,5.0,233.91,204.41,228.19,Ambient,🏜️ ความชื้นต่ำผิดปกติ (<24.22%)
2026-03-04 12:30:00,0.33,261.08,1.82,35.7,22.05,35.33,1007.6,86.08,86.08,75.65,28.0,5.0,234.15,202.49,228.5,Ambient,🏜️ ความชื้นต่ำผิดปกติ (<24.22%)
2026-03-04 12:31:00,0.31,245.45,2.15,35.76,22.19,35.17,1007.6,87.61,87.61,73.28,28.24,5.0,234.52,203.67,228.91,Ambient,🏜️ ความชื้นต่ำผิดปกติ (<24.22%)
2026-03-04 12:32:00,0.29,199.65,0.88,35.68,22.13,36.33,1007.6,82.38,82.38,65.88,27.59,4.44,233.49,200.99,228.01,Ambient,🏜️ ความชื้นต่ำผิดปกติ (<24.22%)
2026-03-04 12:33:00,0.32,185.67,0.6,35.65,21.81,35.5,1007.6,82.41,82.41,69.44,27.78,4.0,233.35,200.13,227.95,Ambient,🏜️ ความชื้นต่ำผิดปกติ (<24.22%)
2026-03-04 12:34:00,0.29,108.05,0.32,35.6,21.6,34.5,1007.52,78.67,78.67,63.55,27.0,4.0,232.03,195.92,226.56,Ambient,🏜️ ความชื้นต่ำผิดปกติ (<24.22%)
2026-03-04 12:35:00,0.29,111.27,0.0,35.72,22.12,36.0,1007.5,82.98,82.98,72.78,27.79,4.0,234.18,200.37,228.81,Ambient,🏜️ ความชื้นต่ำผิดปกติ (<24.22%)
2026-03-04 12:36:00,0.32,250.37,0.52,35.95,21.76,36.0,1007.5,85.63,85.63,79.42,28.31,4.33,234.75,205.57,229.24,Ambient,🏜️ ความชื้นต่ำผิดปกติ (<24.22%)
2026-03-04 12:37:00,0.31,211.47,0.71,36.1,21.66,35.33,1007.5,86.22,86.22,86.2,28.0,4.67,234.72,203.6,229.04,Ambient,🏜️ ความชื้นต่ำผิดปกติ (<24.22%)
2026-03-04 12:38:00,0.3,260.27,1.84,36.21,21.77,34.5,1007.45,85.24,85.24,82.0,28.0,4.52,234.39,201.66,229.02,Ambient,🏜️ ความชื้นต่ำผิดปกติ (<24.22%)
2026-03-04 12:39:00,0.3,292.7,1.79,36.07,21.96,32.83,1007.42,81.04,81.04,70.39,27.32,4.03,234.02,199.51,228.64,Ambient,🏜️ ความชื้นต่ำผิดปกติ (<24.22%)
2026-03-04 12:40:00,0.32,289.18,1.14,35.84,21.89,35.0,1007.4,82.07,82.07,69.77,27.75,4.0,234.02,199.7,228.86,Ambient,🏜️ ความชื้นต่ำผิดปกติ (<24.22%)
2026-03-04 12:41:00,0.28,288.27,1.11,35.79,21.93,35.83,1007.4,81.1,81.1,66.08,27.23,4.0,233.77,199.02,228.4,Ambient,🏜️ ความชื้นต่ำผิดปกติ (<24.22%)
2026-03-04 12:42:00,0.31,299.38,0.39,35.84,21.83,35.33,1007.4,81.36,81.36,67.8,27.44,4.0,234.22,199.81,228.52,Ambient,🏜️ ความชื้นต่ำผิดปกติ (<24.22%)
2026-03-04 12:43:00,0.3,303.73,0.84,35.9,21.58,35.0,1007.3,79.75,79.75,62.71,27.0,4.0,233.17,197.95,228.1,Ambient,🏜️ ความชื้นต่ำผิดปกติ (<24.22%)
2026-03-04 12:44:00,0.29,214.08,1.72,35.99,21.9,36.67,1007.3,82.65,82.65,74.86,27.97,4.0,234.66,200.55,229.32,Ambient,🏜️ ความชื้นต่ำผิดปกติ (<24.22%)
2026-03-04 12:45:00,0.26,255.4,1.07,36.0,22.1,36.5,1007.25,84.0,84.0,78.4,28.0,4.0,235.62,202.52,230.51,Ambient,🏜️ ความชื้นต่ำผิดปกติ (<24.22%)
2026-03-04 12:46:00,0.29,273.72,1.91,36.12,21.78,35.0,1007.2,84.25,84.25,74.5,28.0,4.0,235.67,204.4,230.27,Ambient,🏜️ ความชื้นต่ำผิดปกติ (<24.22%)
2026-03-04 12:47:00,0.27,314.76,0.98,36.19,21.6,35.8,1007.2,79.63,79.63,63.45,27.27,4.0,234.31,200.17,229.2,Ambient,🏜️ ความชื้นต่ำผิดปกติ (<24.22%)
2026-03-04 12:48:00,0.3,284.02,0.79,36.15,21.88,34.33,1007.2,81.3,81.3,73.86,27.66,4.0,235.39,201.17,230.25,Ambient,🏜️ ความชื้นต่ำผิดปกติ (<24.22%)
2026-03-04 12:49:00,0.28,265.8,0.21,36.26,22.01,36.33,1007.13,84.02,84.02,84.25,28.0,4.0,236.11,203.02,230.89,Ambient,🏜️ ความชื้นต่ำผิดปกติ (<24.22%)
2026-03-04 12:50:00,0.31,205.23,1.61,36.45,21.86,36.0,1007.17,85.39,85.39,80.75,28.3,4.26,236.71,207.54,231.22,Ambient,🏜️ ความชื้นต่ำผิดปกติ (<24.22%)
2026-03-04 12:51:00,0.27,192.4,2.67,36.39,22.02,37.0,1007.12,83.42,83.42,75.58,28.0,4.0,236.0,204.02,230.61,Ambient,🏜️ ความชื้นต่ำผิดปกติ (<24.22%)
2026-03-04 12:52:00,0.29,192.87,1.68,36.19,22.21,36.5,1007.08,84.84,84.84,77.26,28.02,4.01,236.13,204.24,230.77,Ambient,🏜️ ความชื้นต่ำผิดปกติ (<24.22%)
2026-03-04 12:53:00,0.3,205.6,1.46,36.13,22.54,37.0,1007.08,82.0,82.0,69.28,28.0,4.0,236.0,202.38,230.77,Ambient,🏜️ ความชื้นต่ำผิดปกติ (<24.22%)
2026-03-04 12:54:00,0.32,216.12,1.1,35.97,22.23,35.67,1007.1,81.0,81.0,66.66,27.86,4.0,235.5,201.13,230.42,Ambient,🏜️ ความชื้นต่ำผิดปกติ (<24.22%)
2026-03-04 12:55:00,0.3,273.92,1.43,35.9,22.49,36.5,1007.1,81.86,81.86,70.06,28.0,4.0,236.04,201.75,230.79,Ambient,🏜️ ความชื้นต่ำผิดปกติ (<24.22%)
2026-03-04 12:56:00,0.32,281.33,1.68,35.8,23.15,36.17,1007.02,80.59,80.59,69.84,28.0,4.0,236.63,201.33,231.57,Ambient,🏜️ ความชื้นต่ำผิดปกติ (<24.22%)
2026-03-04 12:57:00,0.31,254.6,1.69,35.71,23.21,37.0,1007.0,86.49,86.49,85.68,28.45,4.55,237.9,205.67,232.78,Ambient,🏜️ ความชื้นต่ำผิดปกติ (<24.22%)
2026-03-04 12:58:00,0.3,272.52,1.81,35.7,23.01,36.67,1007.0,80.75,80.75,72.36,28.0,4.0,237.06,202.77,232.03,Ambient,🏜️ ความชื้นต่ำผิดปกติ (<24.22%)
2026-03-04 12:59:00,0.3,279.35,2.12,35.63,23.26,36.83,1007.0,83.28,83.28,82.97,28.0,4.0,237.86,204.88,232.97,Ambient,🏜️ ความชื้นต่ำผิดปกติ (<24.22%)
2026-03-04 13:00:00,0.29,284.62,1.81,35.59,23.6,36.0,1006.93,81.56,81.56,80.1,28.02,4.0,238.38,204.73,233.71,Ambient,🏜️ ความชื้นต่ำผิดปกติ (<24.22%)
2026-03-04 13:01:00,0.31,273.73,2.23,35.58,23.61,35.33,1006.98,83.59,83.59,84.03,28.35,4.0,238.73,206.28,233.75,Ambient,🏜️ ความชื้นต่ำผิดปกติ (<24.22%)
2026-03-04 13:02:00,0.29,284.43,1.15,35.56,23.28,36.33,1006.93,79.05,79.05,70.57,28.0,4.0,237.58,202.84,232.67,Ambient,🏜️ ความชื้นต่ำผิดปกติ (<24.22%)
2026-03-04 13:03:00,0.3,305.32,1.22,35.57,23.22,35.33,1006.9,79.85,79.85,70.8,28.0,4.0,237.65,202.77,232.62,Ambient,🏜️ ความชื้นต่ำผิดปกติ (<24.22%)
2026-03-04 13:04:00,0.31,323.77,1.2,35.56,22.68,35.67,1006.9,78.44,78.44,62.91,27.86,3.89,236.28,201.41,231.04,Ambient,🏜️ ความชื้นต่ำผิดปกติ (<24.22%)
2026-03-04 13:05:00,0.32,339.22,1.31,35.54,22.7,36.83,1006.87,77.0,77.0,58.04,28.0,3.0,236.0,200.96,231.0,Ambient,🏜️ ความชื้นต่ำผิดปกติ (<24.22%)
2026-03-04 13:06:00,0.31,323.77,0.77,35.52,22.85,36.83,1006.8,77.4,77.4,60.83,28.0,3.0,236.38,201.11,231.35,Ambient,🏜️ ความชื้นต่ำผิดปกติ (<24.22%)
2026-03-04 13:07:00,0.32,313.4,0.25,35.62,23.24,36.0,1006.78,81.77,81.77,74.64,28.44,3.66,238.22,204.33,233.17,Ambient,🏜️ ความชื้นต่ำผิดปกติ (<24.22%)
2026-03-04 13:08:00,0.31,223.78,0.37,35.95,23.3,37.83,1006.7,83.7,83.7,83.11,29.0,4.0,239.79,208.12,234.81,Ambient,🏜️ ความชื้นต่ำผิดปกติ (<24.22%)
2026-03-04 13:09:00,0.3,346.22,2.38,36.21,22.47,36.83,1006.7,79.12,79.12,67.06,28.15,4.0,238.36,204.96,233.25,Ambient,🏜️ ความชื้นต่ำผิดปกติ (<24.22%)
2026-03-04 13:10:00,0.3,287.25,2.21,36.11,22.41,36.17,1006.63,78.0,78.0,64.78,28.0,3.85,237.35,202.47,232.3,Ambient,🏜️ ความชื้นต่ำผิดปกติ (<24.22%)
2026-03-04 13:11:00,0.3,127.47,1.1,35.96,22.89,36.83,1006.6,78.41,78.41,66.1,28.0,3.34,238.24,203.2,233.4,Ambient,🏜️ ความชื้นต่ำผิดปกติ (<24.22%)
2026-03-04 13:12:00,0.31,127.3,0.98,36.03,23.0,37.17,1006.6,79.38,79.38,68.66,28.0,4.0,238.92,204.22,234.11,Ambient,🏜️ ความชื้นต่ำผิดปกติ (<24.22%)
2026-03-04 13:13:00,0.31,271.44,0.82,36.23,22.71,36.2,1006.58,78.86,78.86,69.1,28.0,4.0,238.58,204.0,233.62,Ambient,🏜️ ความชื้นต่ำผิดปกติ (<24.22%)
2026-03-04 13:14:00,0.3,334.22,1.22,36.37,22.38,35.5,1006.5,78.25,78.25,68.58,28.0,3.86,238.19,203.21,233.23,Ambient,🏜️ ความชื้นต่ำผิดปกติ (<24.22%)
2026-03-04 13:15:00,0.3,307.12,0.78,36.38,22.55,34.67,1006.5,79.88,79.88,73.92,28.19,3.62,238.38,204.0,233.42,Ambient,🏜️ ความชื้นต่ำผิดปกติ (<24.22%)
2026-03-04 13:16:00,0.3,286.53,0.4,36.49,22.95,36.33,1006.5,87.94,87.94,98.31,29.57,4.55,240.75,211.0,235.7,Ambient,🏜️ ความชื้นต่ำผิดปกติ (<24.22%)
2026-03-04 13:17:00,0.3,190.93,0.88,36.69,22.83,36.5,1006.45,80.69,80.69,72.69,28.74,4.26,240.72,208.5,235.91,Ambient,🏜️ ความชื้นต่ำผิดปกติ (<24.22%)
2026-03-04 13:18:00,0.27,228.17,1.37,36.78,22.15,36.17,1006.4,78.53,78.53,65.94,28.0,4.0,238.94,204.83,233.85,Ambient,🏜️ ความชื้นต่ำผิดปกติ (<24.22%)
2026-03-04 13:19:00,0.29,221.53,0.96,36.74,22.08,36.33,1006.4,78.0,78.0,64.71,28.0,3.98,238.04,204.0,233.13,Ambient,🏜️ ความชื้นต่ำผิดปกติ (<24.22%)
2026-03-04 13:20:00,0.27,293.85,1.06,36.71,22.32,36.0,1006.4,78.9,78.9,67.27,28.34,3.97,239.09,204.72,234.28,Ambient,🏜️ ความชื้นต่ำผิดปกติ (<24.22%)
2026-03-04 13:21:00,0.33,303.5,2.0,36.68,22.61,35.67,1006.37,79.36,79.36,67.28,29.0,4.0,240.24,206.25,235.52,Ambient,🏜️ ความชื้นต่ำผิดปกติ (<24.22%)
2026-03-04 13:22:00,0.29,283.83,2.38,36.54,22.66,34.0,1006.3,79.52,79.52,68.06,28.88,4.0,240.02,206.14,235.08,Ambient,🏜️ ความชื้นต่ำผิดปกติ (<24.22%)
2026-03-04 13:23:00,0.32,263.18,1.73,36.49,23.08,36.5,1006.3,84.03,84.03,77.24,29.0,4.0,240.67,208.02,235.82,Ambient,🏜️ ความชื้นต่ำผิดปกติ (<24.22%)
2026-03-04 13:24:00,0.28,269.98,2.16,36.51,22.76,35.83,1006.3,83.66,83.66,77.38,29.05,4.72,240.39,208.44,235.38,Ambient,🏜️ ความชื้นต่ำผิดปกติ (<24.22%)
2026-03-04 13:25:00,0.28,262.33,2.57,36.45,22.66,35.5,1006.3,81.86,81.86,72.08,28.8,4.0,239.31,206.14,234.25,Ambient,🏜️ ความชื้นต่ำผิดปกติ (<24.22%)
2026-03-04 13:26:00,0.31,270.97,1.68,36.39,23.01,35.33,1006.2,84.1,84.1,77.36,29.03,4.28,240.22,208.16,235.25,Ambient,🏜️ ความชื้นต่ำผิดปกติ (<24.22%)
2026-03-04 13:27:00,0.3,231.1,2.08,36.41,23.06,36.17,1006.2,85.63,85.63,81.0,29.0,5.0,240.36,208.94,235.35,Ambient,🏜️ ความชื้นต่ำผิดปกติ (<24.22%)
2026-03-04 13:28:00,0.32,213.3,1.27,36.46,22.83,37.4,1006.2,87.73,87.73,87.73,29.17,5.0,240.08,210.46,235.04,Ambient,🏜️ ความชื้นต่ำผิดปกติ (<24.22%)
2026-03-04 13:29:00,0.29,131.03,0.54,36.59,22.61,37.0,1006.2,84.82,84.82,80.87,29.24,4.97,239.91,208.82,234.71,Ambient,🏜️ ความชื้นต่ำผิดปกติ (<24.22%)
2026-03-04 13:30:00,0.29,216.38,0.57,36.76,22.46,36.8,1006.18,87.45,87.45,85.31,29.63,4.83,240.48,210.95,235.28,Ambient,🏜️ ความชื้นต่ำผิดปกติ (<24.22%)
2026-03-04 13:31:00,0.27,261.25,1.7,36.95,22.21,34.83,1006.1,87.56,87.56,85.1,29.24,5.0,240.08,209.91,234.77,Ambient,🏜️ ความชื้นต่ำผิดปกติ (<24.22%)
2026-03-04 13:32:00,0.29,205.05,1.85,36.98,22.13,35.33,1006.1,88.75,88.75,90.49,29.47,5.0,240.17,210.41,234.83,Ambient,🏜️ ความชื้นต่ำผิดปกติ (<24.22%)
2026-03-04 13:33:00,0.33,264.45,1.22,37.02,21.97,36.33,1006.1,89.25,89.25,88.73,29.44,5.0,239.86,210.54,234.58,Ambient,🏜️ ความชื้นต่ำผิดปกติ (<24.22%)
2026-03-04 13:34:00,0.3,260.82,1.95,37.05,21.61,35.83,1006.08,84.43,84.43,76.1,29.05,5.0,238.52,205.91,233.34,Ambient,🏜️ ความชื้นต่ำผิดปกติ (<24.22%)
2026-03-04 13:35:00,0.28,273.33,1.5,36.94,21.65,35.0,1006.0,81.02,81.02,63.86,28.95,4.25,238.0,204.0,233.0,Ambient,🏜️ ความชื้นต่ำผิดปกติ (<24.22%)
2026-03-04 13:36:00,0.29,274.6,0.8,36.85,21.86,36.33,1006.0,83.3,83.3,70.02,29.05,4.1,238.81,205.55,233.74,Ambient,🏜️ ความชื้นต่ำผิดปกติ (<24.22%)
2026-03-04 13:37:00,0.32,296.23,1.34,36.95,22.07,35.67,1005.95,86.08,86.08,76.53,29.26,4.98,240.04,208.51,235.06,Ambient,🏜️ ความชื้นต่ำผิดปกติ (<24.22%)
2026-03-04 13:38:00,0.3,280.17,1.27,37.04,22.07,35.33,1005.98,86.1,86.1,75.45,29.42,5.0,240.58,208.94,235.5,Ambient,🏜️ ความชื้นต่ำผิดปกติ (<24.22%)
2026-03-04 13:39:00,0.29,249.58,1.2,37.13,22.01,37.5,1005.9,88.38,88.38,80.23,29.68,5.0,240.67,211.19,235.47,Ambient,🏜️ ความชื้นต่ำผิดปกติ (<24.22%)
2026-03-04 13:40:00,0.28,212.43,2.39,37.19,22.24,39.33,1005.9,90.77,90.77,81.8,30.32,5.43,241.62,214.74,236.37,Ambient,🏜️ ความชื้นต่ำผิดปกติ (<24.22%)
2026-03-04 13:41:00,0.29,186.98,2.45,37.18,22.25,40.0,1005.87,86.53,86.53,72.36,30.19,5.3,241.38,212.21,236.19,Ambient,🏜️ ความชื้นต่ำผิดปกติ (<24.22%)
2026-03-04 13:42:00,0.29,244.9,1.37,37.06,22.14,38.0,1005.88,80.82,80.82,57.31,29.04,4.5,239.75,206.88,234.56,Ambient,🏜️ ความชื้นต่ำผิดปกติ (<24.22%)
2026-03-04 13:43:00,0.31,221.17,2.26,36.89,22.34,37.33,1005.8,85.0,85.0,66.55,29.52,4.28,240.39,208.78,235.39,Ambient,🏜️ ความชื้นต่ำผิดปกติ (<24.22%)
2026-03-04 13:44:00,0.32,162.38,2.03,36.77,22.79,39.0,1005.8,82.92,82.92,63.63,29.43,4.5,240.39,208.62,235.38,Ambient,🏜️ ความชื้นต่ำผิดปกติ (<24.22%)
2026-03-04 13:45:00,0.31,173.97,1.06,36.54,22.92,39.67,1005.8,82.58,82.58,62.67,29.33,4.0,240.33,207.74,235.36,Ambient,🏜️ ความชื้นต่ำผิดปกติ (<24.22%)
2026-03-04 13:46:00,0.31,183.32,1.7,36.42,22.96,39.83,1005.8,83.64,83.64,66.99,29.67,4.08,240.84,209.13,235.82,Ambient,🏜️ ความชื้นต่ำผิดปกติ (<24.22%)
2026-03-04 13:47:00,0.3,196.1,0.63,36.47,22.66,39.17,1005.8,82.54,82.54,65.04,29.38,4.42,240.38,208.91,235.37,Ambient,🏜️ ความชื้นต่ำผิดปกติ (<24.22%)
2026-03-04 13:48:00,0.34,214.5,1.22,36.47,22.57,39.4,1005.8,81.36,81.36,61.46,29.08,4.0,240.13,207.2,235.2,Ambient,🏜️ ความชื้นต่ำผิดปกติ (<24.22%)
2026-03-04 13:49:00,0.29,247.15,0.7,36.48,22.47,38.17,1005.75,80.77,80.77,62.64,29.0,4.0,239.89,206.61,234.89,Ambient,🏜️ ความชื้นต่ำผิดปกติ (<24.22%)
2026-03-04 13:50:00,0.3,312.42,0.72,36.58,22.16,36.83,1005.7,79.19,79.19,61.46,29.0,4.0,239.08,204.63,234.14,Ambient,🏜️ ความชื้นต่ำผิดปกติ (<24.22%)
2026-03-04 13:51:00,0.29,313.22,0.63,36.7,22.13,36.33,1005.7,79.44,79.44,62.8,29.0,4.0,239.04,204.69,234.09,Ambient,🏜️ ความชื้นต่ำผิดปกติ (<24.22%)
2026-03-04 13:52:00,0.3,312.62,0.85,36.79,22.13,37.33,1005.7,80.91,80.91,66.02,29.06,4.0,239.88,206.04,234.95,Ambient,🏜️ ความชื้นต่ำผิดปกติ (<24.22%)
2026-03-04 13:53:00,0.33,303.44,1.39,36.91,22.27,35.8,1005.64,83.12,83.12,71.91,29.44,4.0,240.8,207.86,236.05,Ambient,🏜️ ความชื้นต่ำผิดปกติ (<24.22%)
2026-03-04 13:54:00,0.28,274.1,3.16,37.02,21.78,31.4,1005.6,82.3,82.3,73.79,29.2,4.0,239.85,207.39,234.82,Ambient,🏜️ ความชื้นต่ำผิดปกติ (<24.22%)
2026-03-04 13:55:00,0.31,305.73,1.28,36.89,21.91,33.67,1005.6,80.25,80.25,68.08,29.0,4.0,239.35,205.14,234.64,Ambient,🏜️ ความชื้นต่ำผิดปกติ (<24.22%)
2026-03-04 13:56:00,0.27,294.47,1.16,36.86,22.19,35.17,1005.6,82.16,82.16,74.67,29.0,4.0,240.11,206.39,235.26,Ambient,🏜️ ความชื้นต่ำผิดปกติ (<24.22%)
2026-03-04 13:57:00,0.3,303.25,1.17,36.94,22.57,35.17,1005.5,84.45,84.45,80.14,29.52,4.26,241.75,208.39,237.13,Ambient,🏜️ ความชื้นต่ำผิดปกติ (<24.22%)
2026-03-04 13:58:00,0.28,314.42,0.89,37.04,22.72,35.0,1005.5,85.06,85.06,80.43,29.9,4.59,242.8,210.01,238.03,Ambient,🏜️ ความชื้นต่ำผิดปกติ (<24.22%)
2026-03-04 13:59:00,0.3,277.08,1.84,37.14,22.45,36.33,1005.5,90.77,90.77,94.83,30.33,5.38,242.88,213.51,237.94,Ambient,🏜️ ความชื้นต่ำผิดปกติ (<24.22%)
2026-03-04 14:00:00,0.29,268.56,4.27,37.25,21.9,29.0,1005.5,83.52,83.52,72.46,29.54,5.21,240.9,209.42,235.83,Ambient,🏜️ ความชื้นต่ำผิดปกติ (<24.22%)
2026-03-04 14:01:00,0.31,290.72,2.4,37.05,22.05,30.17,1005.42,83.28,83.28,68.86,29.69,5.0,240.91,208.09,236.11,Ambient,🏜️ ความชื้นต่ำผิดปกติ (<24.22%)
2026-03-04 14:02:00,0.3,308.38,2.21,36.89,22.05,33.33,1005.4,80.45,80.45,61.81,29.05,4.13,240.44,206.6,235.69,Ambient,🏜️ ความชื้นต่ำผิดปกติ (<24.22%)
2026-03-04 14:03:00,0.3,283.03,0.7,36.73,22.43,36.5,1005.4,81.15,81.15,65.57,29.14,4.0,240.31,206.41,235.38,Ambient,🏜️ ความชื้นต่ำผิดปกติ (<24.22%)
2026-03-04 14:04:00,0.32,267.48,1.55,36.76,22.65,37.17,1005.38,88.12,88.12,86.06,30.22,4.78,242.13,213.08,237.18,Ambient,🏜️ ความชื้นต่ำผิดปกติ (<24.22%)
2026-03-04 14:05:00,0.25,247.03,2.12,36.88,22.53,35.33,1005.3,86.71,86.71,81.25,30.31,5.0,241.73,211.36,236.83,Ambient,🏜️ ความชื้นต่ำผิดปกติ (<24.22%)
2026-03-04 14:06:00,0.28,196.87,2.67,36.97,22.69,37.5,1005.27,85.43,85.43,74.21,30.0,5.0,241.93,210.68,236.94,Ambient,🏜️ ความชื้นต่ำผิดปกติ (<24.22%)
2026-03-04 14:07:00,0.31,229.92,0.49,37.01,22.56,38.17,1005.3,86.11,86.11,73.27,30.0,5.0,242.16,211.05,237.27,Ambient,🏜️ ความชื้นต่ำผิดปกติ (<24.22%)
2026-03-04 14:08:00,0.29,209.98,3.2,37.15,22.65,37.83,1005.3,85.76,85.76,69.43,30.0,5.0,241.74,211.19,236.66,Ambient,🏜️ ความชื้นต่ำผิดปกติ (<24.22%)
2026-03-04 14:09:00,0.3,217.02,1.77,36.98,22.58,37.33,1005.3,81.42,81.42,59.74,29.24,4.24,240.1,207.08,235.13,Ambient,🏜️ ความชื้นต่ำผิดปกติ (<24.22%)
2026-03-04 14:10:00,0.33,227.77,0.71,36.81,22.42,37.83,1005.3,83.15,83.15,63.66,29.96,4.0,240.68,207.27,235.87,Ambient,🏜️ ความชื้นต่ำผิดปกติ (<24.22%)
2026-03-04 14:11:00,0.29,258.4,1.53,36.83,22.39,37.33,1005.28,83.69,83.69,64.57,29.81,4.0,240.67,207.75,235.8,Ambient,🏜️ ความชื้นต่ำผิดปกติ (<24.22%)
2026-03-04 14:12:00,0.31,280.67,2.35,36.85,22.36,37.0,1005.2,84.36,84.36,67.58,30.0,4.44,241.0,208.35,236.0,Ambient,🏜️ ความชื้นต่ำผิดปกติ (<24.22%)
2026-03-04 14:13:00,0.31,292.15,1.58,36.88,22.16,36.83,1005.2,82.67,82.67,65.28,29.78,4.06,240.85,208.01,235.95,Ambient,🏜️ ความชื้นต่ำผิดปกติ (<24.22%)
2026-03-04 14:14:00,0.3,268.35,2.38,36.91,22.02,37.0,1005.18,81.29,81.29,62.75,29.61,4.0,240.52,206.92,235.65,Ambient,🏜️ ความชื้นต่ำผิดปกติ (<24.22%)
2026-03-04 14:15:00,0.31,268.55,2.35,36.88,21.97,36.83,1005.1,81.69,81.69,64.09,29.4,4.0,240.16,206.79,235.32,Ambient,🏜️ ความชื้นต่ำผิดปกติ (<24.22%)
2026-03-04 14:16:00,0.28,262.23,1.41,36.82,22.24,36.33,1005.1,81.24,81.24,63.3,29.1,4.0,240.02,205.96,235.21,Ambient,🏜️ ความชื้นต่ำผิดปกติ (<24.22%)
2026-03-04 14:17:00,0.27,188.15,0.25,36.76,22.17,37.5,1005.02,81.16,81.16,62.86,29.06,4.0,240.05,206.0,235.38,Ambient,🏜️ ความชื้นต่ำผิดปกติ (<24.22%)
2026-03-04 14:18:00,0.32,72.4,0.4,36.8,22.14,38.0,1005.0,81.22,81.22,64.48,29.08,4.0,240.25,206.02,235.58,Ambient,🏜️ ความชื้นต่ำผิดปกติ (<24.22%)
2026-03-04 14:19:00,0.3,219.43,0.59,36.82,22.89,38.0,1005.0,83.46,83.46,70.15,30.17,4.06,242.52,208.96,237.83,Ambient,🏜️ ความชื้นต่ำผิดปกติ (<24.22%)
2026-03-04 14:20:00,0.32,273.37,2.21,37.05,22.48,36.83,1005.0,86.95,86.95,78.07,30.28,4.99,242.56,211.53,237.76,Ambient,🏜️ ความชื้นต่ำผิดปกติ (<24.22%)
2026-03-04 14:21:00,0.31,284.75,3.27,37.15,22.13,30.17,1004.95,85.44,85.44,75.69,30.27,5.0,241.96,211.13,236.91,Ambient,🏜️ ความชื้นต่ำผิดปกติ (<24.22%)
2026-03-04 14:22:00,0.29,287.95,3.26,36.99,22.04,21.5,1004.92,80.04,80.04,60.14,29.24,4.06,240.6,206.61,235.99,Ambient,🏜️ ความชื้นต่ำผิดปกติ (<24.22%)
2026-03-04 14:23:00,0.31,314.45,1.87,36.68,22.33,32.33,1004.9,80.02,80.02,61.17,29.23,4.0,240.89,206.22,236.0,Ambient,🏜️ ความชื้นต่ำผิดปกติ (<24.22%)
2026-03-04 14:24:00,0.31,295.35,0.89,36.5,23.05,37.5,1004.9,82.21,82.21,66.08,30.08,4.0,241.77,207.6,237.21,Ambient,🏜️ ความชื้นต่ำผิดปกติ (<24.22%)
2026-03-04 14:25:00,0.31,275.3,1.75,36.64,23.47,36.67,1004.9,86.4,86.4,77.26,31.11,4.94,244.08,212.49,239.52,Ambient,🏜️ ความชื้นต่ำผิดปกติ (<24.22%)
2026-03-04 14:26:00,0.3,314.12,0.8,36.91,23.01,36.17,1004.9,85.99,85.99,78.41,30.85,5.0,243.89,212.78,239.15,Ambient,🏜️ ความชื้นต่ำผิดปกติ (<24.22%)
2026-03-04 14:27:00,0.29,301.6,1.01,37.2,22.53,36.0,1004.82,84.05,84.05,68.72,30.22,5.0,242.95,210.93,238.2,Ambient,🏜️ ความชื้นต่ำผิดปกติ (<24.22%)
2026-03-04 14:28:00,0.26,309.3,1.0,37.36,22.09,36.5,1004.8,82.44,82.44,65.1,30.0,4.17,242.09,209.21,237.67,Ambient,🏜️ ความชื้นต่ำผิดปกติ (<24.22%)
2026-03-04 14:29:00,0.3,272.45,1.11,37.38,22.34,36.5,1004.8,82.77,82.77,66.52,30.0,4.0,242.74,210.0,238.16,Ambient,🏜️ ความชื้นต่ำผิดปกติ (<24.22%)
2026-03-04 14:30:00,0.31,343.66,1.66,37.36,22.02,35.6,1004.8,81.41,81.41,63.91,30.0,4.0,242.63,209.15,237.86,Ambient,🏜️ ความชื้นต่ำผิดปกติ (<24.22%)
2026-03-04 14:31:00,0.31,335.55,1.13,37.28,21.62,36.33,1004.75,79.75,79.75,61.78,29.07,4.0,240.6,206.3,235.76,Ambient,🏜️ ความชื้นต่ำผิดปกติ (<24.22%)
2026-03-04 14:32:00,0.32,322.1,0.79,37.25,21.86,36.17,1004.7,80.96,80.96,65.16,29.83,4.0,241.1,207.21,236.51,Ambient,🏜️ ความชื้นต่ำผิดปกติ (<24.22%)
2026-03-04 14:33:00,0.27,320.9,0.59,37.32,22.03,36.17,1004.7,80.73,80.73,63.81,29.65,4.0,241.1,207.06,236.69,Ambient,🏜️ ความชื้นต่ำผิดปกติ (<24.22%)
2026-03-04 14:34:00,0.31,285.9,1.16,37.52,22.36,36.4,1004.7,86.08,86.08,77.87,30.96,4.6,243.92,212.04,239.35,Ambient,🏜️ ความชื้นต่ำผิดปกติ (<24.22%)
2026-03-04 14:35:00,0.33,284.97,1.11,37.75,21.48,34.0,1004.7,93.63,93.63,99.8,31.61,5.66,242.8,214.85,237.74,Ambient,🏜️ ความชื้นต่ำผิดปกติ (<24.22%)
2026-03-04 14:36:00,0.28,279.3,2.1,37.94,20.65,30.33,1004.62,90.49,90.49,104.47,30.58,6.31,240.15,210.55,234.83,Ambient,🏜️ ความชื้นต่ำผิดปกติ (<24.22%)
2026-03-04 14:37:00,0.31,239.52,0.94,38.02,20.52,29.6,1004.66,88.83,88.83,100.19,29.71,5.63,238.83,206.48,233.61,Ambient,🏜️ ความชื้นต่ำผิดปกติ (<24.22%)
2026-03-04 14:38:00,0.29,219.18,2.19,37.93,20.6,30.33,1004.6,86.9,86.9,95.21,29.0,5.0,237.23,202.83,232.1,Ambient,🏜️ ความชื้นต่ำผิดปกติ (<24.22%)
2026-03-04 14:39:00,0.28,210.17,2.12,37.69,20.63,29.67,1004.6,86.66,86.66,93.45,29.0,5.0,236.86,202.9,231.8,Ambient,🏜️ ความชื้นต่ำผิดปกติ (<24.22%)
2026-03-04 14:40:00,0.32,183.72,1.71,37.5,20.69,29.0,1004.52,87.46,87.46,94.33,29.22,5.0,237.66,203.33,232.68,Ambient,🏜️ ความชื้นต่ำผิดปกติ (<24.22%)
2026-03-04 14:41:00,0.28,168.1,0.74,37.44,20.43,29.67,1004.5,84.08,84.08,82.9,29.0,5.0,236.59,200.77,231.48,Ambient,🏜️ ความชื้นต่ำผิดปกติ (<24.22%)
2026-03-04 14:42:00,0.26,203.93,1.84,37.33,20.77,30.0,1004.5,87.86,87.86,93.65,29.06,5.0,237.73,202.77,232.9,Ambient,🏜️ ความชื้นต่ำผิดปกติ (<24.22%)
2026-03-04 14:43:00,0.3,237.35,0.73,37.43,20.73,29.83,1004.5,89.7,89.7,102.99,29.58,5.35,238.2,204.53,233.21,Ambient,🏜️ ความชื้นต่ำผิดปกติ (<24.22%)
2026-03-04 14:44:00,0.29,263.22,2.25,37.5,20.29,28.17,1004.5,86.09,86.09,92.37,28.72,5.0,236.7,201.06,231.69,Ambient,🏜️ ความชื้นต่ำผิดปกติ (<24.22%)
2026-03-04 14:45:00,0.3,277.43,1.31,37.48,20.08,28.33,1004.43,84.78,84.78,85.53,28.53,4.95,236.24,199.89,231.24,Ambient,🏜️ ความชื้นต่ำผิดปกติ (<24.22%)
2026-03-04 14:46:00,0.31,312.0,0.9,37.46,20.11,28.67,1004.4,82.89,82.89,79.65,28.55,4.01,236.13,199.1,231.19,Ambient,🏜️ ความชื้นต่ำผิดปกติ (<24.22%)
2026-03-04 14:47:00,0.3,305.13,0.56,37.49,20.15,28.33,1004.4,83.84,83.84,81.54,29.0,4.04,236.81,200.29,231.96,Ambient,🏜️ ความชื้นต่ำผิดปกติ (<24.22%)
2026-03-04 14:48:00,0.28,302.18,0.26,37.61,20.44,29.17,1004.4,86.32,86.32,89.0,29.06,5.0,237.65,202.23,232.72,Ambient,🏜️ ความชื้นต่ำผิดปกติ (<24.22%)
2026-03-04 14:49:00,0.29,206.3,1.5,37.89,20.24,30.33,1004.35,89.4,89.4,89.43,29.69,5.0,238.53,204.63,233.73,Ambient,🏜️ ความชื้นต่ำผิดปกติ (<24.22%)
2026-03-04 14:50:00,0.32,207.18,1.3,37.97,20.41,32.33,1004.3,92.05,92.05,91.63,29.94,5.66,238.97,206.55,233.99,Ambient,🏜️ ความชื้นต่ำผิดปกติ (<24.22%)
2026-03-04 14:51:00,0.29,174.18,1.31,37.99,20.61,31.5,1004.27,89.42,89.42,85.25,30.0,5.99,239.89,206.7,235.03,Ambient,🏜️ ความชื้นต่ำผิดปกติ (<24.22%)
2026-03-04 14:52:00,0.28,142.58,1.51,37.91,20.98,33.0,1004.2,87.19,87.19,74.65,30.0,5.13,240.0,206.65,235.0,Ambient,🏜️ ความชื้นต่ำผิดปกติ (<24.22%)
2026-03-04 14:53:00,0.32,177.58,2.64,37.77,21.25,33.83,1004.2,89.7,89.7,79.45,30.05,5.0,241.1,209.69,236.25,Ambient,🏜️ ความชื้นต่ำผิดปกติ (<24.22%)
2026-03-04 14:54:00,0.29,201.58,2.27,37.69,21.55,34.33,1004.2,87.87,87.87,72.59,30.0,5.0,241.46,208.66,236.79,Ambient,🏜️ ความชื้นต่ำผิดปกติ (<24.22%)
2026-03-04 14:55:00,0.3,198.47,3.86,37.58,21.86,36.0,1004.2,86.94,86.94,68.99,30.0,5.0,241.05,207.67,236.13,Ambient,🏜️ ความชื้นต่ำผิดปกติ (<24.22%)
2026-03-04 14:56:00,0.31,200.83,2.89,37.41,21.72,34.0,1004.2,87.62,87.62,69.04,30.0,5.0,240.69,208.04,235.69,Ambient,🏜️ ความชื้นต่ำผิดปกติ (<24.22%)
2026-03-04 14:57:00,0.28,236.22,1.29,37.29,21.59,34.0,1004.17,87.63,87.63,67.67,30.03,5.0,240.83,208.52,235.95,Ambient,🏜️ ความชื้นต่ำผิดปกติ (<24.22%)
2026-03-04 14:58:00,0.31,205.85,2.85,37.3,21.88,34.17,1004.13,91.59,91.59,76.17,30.76,5.24,241.64,211.92,236.7,Ambient,🏜️ ความชื้นต่ำผิดปกติ (<24.22%)
2026-03-04 14:59:00,0.31,183.67,2.38,37.33,21.89,36.0,1004.1,89.8,89.8,72.78,30.69,5.74,241.92,210.85,236.94,Ambient,🏜️ ความชื้นต่ำผิดปกติ (<24.22%)
2026-03-04 15:00:00,0.28,193.77,3.42,37.34,22.17,34.17,1004.12,88.23,88.23,68.66,30.65,5.0,242.3,210.15,237.76,Ambient,🏜️ ความชื้นต่ำผิดปกติ (<24.22%)
2026-03-04 15:01:00,0.28,192.77,3.22,37.27,22.13,33.83,1004.12,86.02,86.02,65.63,30.31,5.0,241.77,208.8,237.42,Ambient,🏜️ ความชื้นต่ำผิดปกติ (<24.22%)
2026-03-04 15:02:00,0.27,182.1,1.2,37.1,22.15,34.83,1004.08,84.39,84.39,62.25,30.0,5.0,241.99,207.36,237.17,Ambient,🏜️ ความชื้นต่ำผิดปกติ (<24.22%)
2026-03-04 15:03:00,0.3,102.8,2.7,37.03,22.37,36.33,1004.0,85.03,85.03,63.7,30.0,5.0,242.0,208.13,237.13,Ambient,🏜️ ความชื้นต่ำผิดปกติ (<24.22%)
2026-03-04 15:04:00,0.31,122.72,0.87,36.89,22.49,35.67,1004.0,85.2,85.2,62.71,30.0,5.0,242.0,208.19,237.2,Ambient,🏜️ ความชื้นต่ำผิดปกติ (<24.22%)
2026-03-04 15:05:00,0.29,163.9,0.84,36.85,22.72,34.0,1004.0,87.74,87.74,70.23,30.5,5.0,243.11,211.34,238.35,Ambient,🏜️ ความชื้นต่ำผิดปกติ (<24.22%)
2026-03-04 15:06:00,0.3,132.73,0.77,36.91,22.7,34.17,1004.0,88.31,88.31,72.9,30.69,5.0,243.33,212.96,238.58,Ambient,🏜️ ความชื้นต่ำผิดปกติ (<24.22%)
2026-03-04 15:07:00,0.29,184.28,0.22,37.02,22.49,33.5,1004.0,87.61,87.61,71.44,30.52,5.0,243.08,211.95,238.17,Ambient,🏜️ ความชื้นต่ำผิดปกติ (<24.22%)
2026-03-04 15:08:00,0.33,289.77,1.16,37.28,22.32,34.0,1003.9,90.29,90.29,80.49,30.9,5.41,243.34,213.07,238.53,Ambient,🏜️ ความชื้นต่ำผิดปกติ (<24.22%)
2026-03-04 15:09:00,0.32,304.58,1.64,37.41,21.66,33.0,1003.9,88.06,88.06,73.58,30.14,5.01,242.0,211.77,237.11,Ambient,🏜️ ความชื้นต่ำผิดปกติ (<24.22%)
2026-03-04 15:10:00,0.29,267.93,3.01,37.48,21.76,31.67,1003.9,88.48,88.48,73.8,30.15,5.0,242.4,212.07,237.74,Ambient,🏜️ ความชื้นต่ำผิดปกติ (<24.22%)
2026-03-04 15:11:00,0.29,270.17,2.76,37.49,21.56,32.0,1003.9,84.66,84.66,64.03,30.0,5.0,241.72,208.49,236.99,Ambient,🏜️ ความชื้นต่ำผิดปกติ (<24.22%)
2026-03-04 15:12:00,0.3,294.13,1.07,37.38,21.77,33.33,1003.83,85.02,85.02,64.82,30.0,5.0,241.39,207.58,236.49,Ambient,🏜️ ความชื้นต่ำผิดปกติ (<24.22%)
2026-03-04 15:13:00,0.31,189.18,1.76,37.4,21.81,33.0,1003.8,90.28,90.28,79.36,30.38,5.13,242.43,211.46,237.59,Ambient,🏜️ ความชื้นต่ำผิดปกติ (<24.22%)
2026-03-04 15:14:00,0.31,244.78,0.37,37.46,22.34,33.0,1003.8,93.96,93.96,89.88,31.24,5.86,244.67,216.75,239.99,Ambient,🏜️ ความชื้นต่ำผิดปกติ (<24.22%)
2026-03-04 15:15:00,0.32,220.42,1.32,37.7,22.83,35.0,1003.77,100.35,100.35,106.06,32.54,6.6,247.51,224.36,242.72,Ambient,🏜️ ความชื้นต่ำผิดปกติ (<24.22%)
2026-03-04 15:16:00,0.33,177.92,3.44,37.78,23.42,35.33,1003.73,89.39,89.39,71.17,31.94,6.33,247.8,219.52,243.44,Ambient,🏜️ ความชื้นต่ำผิดปกติ (<24.22%)
2026-03-04 15:17:00,0.28,129.35,2.03,37.68,23.68,35.83,1003.7,90.72,90.72,73.33,32.0,6.0,248.45,221.32,243.96,Ambient,🏜️ ความชื้นต่ำผิดปกติ (<24.22%)
2026-03-04 15:18:00,0.3,174.5,2.51,37.57,24.2,37.0,1003.7,91.67,91.67,76.05,32.0,6.0,248.72,221.44,244.21,Ambient,🏜️ ความชื้นต่ำผิดปกติ (<24.22%)
2026-03-04 15:20:00,0.31,179.77,4.57,37.08,24.13,34.83,1003.68,86.8,86.8,70.39,31.0,5.5,246.29,215.4,241.68,Ambient,🏜️ ความชื้นต่ำผิดปกติ (<24.22%)
2026-03-04 15:21:00,0.32,180.97,4.64,36.86,23.62,29.5,1003.62,85.78,85.78,78.8,30.09,5.0,244.13,211.52,239.28,Ambient,🏜️ ความชื้นต่ำผิดปกติ (<24.22%)
2026-03-04 15:22:00,0.31,192.75,3.71,36.77,23.43,27.17,1003.68,85.59,85.59,86.73,29.5,5.0,242.17,207.48,237.53,Ambient,🏜️ ความชื้นต่ำผิดปกติ (<24.22%)
2026-03-04 15:23:00,0.33,205.42,1.5,36.76,23.33,29.33,1003.7,87.36,87.36,89.3,30.0,5.0,243.14,209.52,238.78,Ambient,🏜️ ความชื้นต่ำผิดปกติ (<24.22%)
2026-03-04 15:24:00,0.32,314.48,0.1,36.9,23.09,30.83,1003.65,86.15,86.15,81.44,30.0,5.0,243.77,210.54,239.0,Ambient,🏜️ ความชื้นต่ำผิดปกติ (<24.22%)
2026-03-04 15:25:00,0.3,198.88,1.92,37.08,23.03,30.33,1003.6,90.86,90.86,96.78,30.31,5.41,244.77,213.44,240.14,Ambient,🏜️ ความชื้นต่ำผิดปกติ (<24.22%)
2026-03-04 15:26:00,0.32,179.92,1.98,37.15,23.15,30.5,1003.6,87.41,87.41,83.13,30.12,5.58,244.23,212.28,239.51,Ambient,🏜️ ความชื้นต่ำผิดปกติ (<24.22%)
2026-03-04 15:27:00,0.28,100.05,1.47,37.1,22.78,30.0,1003.6,86.95,86.95,80.34,30.0,5.0,243.19,210.91,238.78,Ambient,🏜️ ความชื้นต่ำผิดปกติ (<24.22%)
2026-03-04 15:28:00,0.3,121.5,1.76,37.1,22.94,30.67,1003.52,88.25,88.25,79.56,30.22,5.06,244.11,212.5,239.21,Ambient,🏜️ ความชื้นต่ำผิดปกติ (<24.22%)
2026-03-04 15:29:00,0.27,160.1,1.9,37.1,23.41,31.83,1003.5,93.07,93.07,94.66,31.0,6.0,245.85,217.96,241.0,Ambient,🏜️ ความชื้นต่ำผิดปกติ (<24.22%)
2026-03-04 15:30:00,0.28,204.03,2.61,37.17,23.7,31.83,1003.5,92.81,92.81,88.24,31.0,6.0,246.22,217.75,241.53,Ambient,🏜️ ความชื้นต่ำผิดปกติ (<24.22%)
2026-03-04 15:31:00,0.26,253.73,2.29,37.24,23.55,31.33,1003.52,91.86,91.86,81.43,31.02,6.0,246.01,217.24,241.45,Ambient,🏜️ ความชื้นต่ำผิดปกติ (<24.22%)
2026-03-04 15:32:00,0.33,290.82,1.57,37.24,23.56,31.0,1003.5,90.5,90.5,76.4,30.96,6.0,246.21,217.49,241.85,Ambient,🏜️ ความชื้นต่ำผิดปกติ (<24.22%)
2026-03-04 15:33:00,0.31,252.17,0.7,37.31,23.66,32.0,1003.5,94.58,94.58,87.36,31.27,6.13,247.17,220.04,242.44,Ambient,🏜️ ความชื้นต่ำผิดปกติ (<24.22%)
2026-03-04 15:34:00,0.31,191.38,3.65,37.4,23.04,31.0,1003.43,89.74,89.74,80.07,30.64,6.36,245.53,217.12,240.72,Ambient,🏜️ ความชื้นต่ำผิดปกติ (<24.22%)
2026-03-04 15:35:00,0.31,194.32,2.45,37.25,23.19,29.83,1003.4,86.66,86.66,72.72,30.0,5.28,244.47,212.88,240.13,Ambient,🏜️ ความชื้นต่ำผิดปกติ (<24.22%)
2026-03-04 15:36:00,0.3,177.7,2.02,37.22,23.37,31.33,1003.4,91.04,91.04,85.3,30.5,5.97,245.43,216.48,240.67,Ambient,🏜️ ความชื้นต่ำผิดปกติ (<24.22%)
2026-03-04 15:37:00,0.33,192.95,2.33,37.16,23.3,29.67,1003.37,89.54,89.54,81.0,30.07,6.0,245.08,215.11,240.42,Ambient,🏜️ ความชื้นต่ำผิดปกติ (<24.22%)
2026-03-04 15:38:00,0.28,198.95,3.71,37.19,23.25,29.0,1003.38,90.67,90.67,87.65,30.06,6.0,244.27,214.67,239.75,Ambient,🏜️ ความชื้นต่ำผิดปกติ (<24.22%)
2026-03-04 15:39:00,0.32,189.72,3.68,37.18,22.87,28.0,1003.38,88.88,88.88,89.1,29.6,6.0,242.69,211.78,238.08,Ambient,🏜️ ความชื้นต่ำผิดปกติ (<24.22%)
2026-03-04 15:40:00,0.27,204.12,3.31,37.11,23.06,27.0,1003.38,88.36,88.36,89.5,29.35,5.72,242.64,211.11,237.91,Ambient,🏜️ ความชื้นต่ำผิดปกติ (<24.22%)
2026-03-04 15:41:00,0.32,182.23,2.64,37.06,23.21,28.17,1003.4,88.37,88.37,84.18,29.97,5.22,243.34,211.46,238.91,Ambient,🏜️ ความชื้นต่ำผิดปกติ (<24.22%)
2026-03-04 15:42:00,0.32,187.08,3.41,37.07,22.82,28.0,1003.4,89.71,89.71,96.27,29.39,6.0,242.41,211.35,237.55,Ambient,🏜️ ความชื้นต่ำผิดปกติ (<24.22%)
2026-03-04 15:43:00,0.32,182.62,3.33,37.07,22.68,25.5,1003.4,88.15,88.15,96.81,29.0,5.29,241.11,208.31,236.48,Ambient,🏜️ ความชื้นต่ำผิดปกติ (<24.22%)
2026-03-04 15:44:00,0.29,183.0,2.94,36.95,22.49,26.67,1003.4,86.12,86.12,89.3,29.0,5.0,241.03,207.07,236.22,Ambient,🏜️ ความชื้นต่ำผิดปกติ (<24.22%)
2026-03-04 15:45:00,0.3,186.63,1.85,36.85,22.7,23.5,1003.4,86.99,86.99,89.91,29.0,5.0,241.0,207.34,236.33,Ambient,🏜️ ความชื้นต่ำผิดปกติ (<24.22%)
2026-03-04 15:46:00,0.31,213.03,0.31,36.85,22.7,24.83,1003.4,89.77,89.77,97.06,29.0,5.3,241.97,209.85,237.3,Ambient,🏜️ ความชื้นต่ำผิดปกติ (<24.22%)
2026-03-04 15:47:00,0.32,187.95,2.7,36.93,22.67,23.5,1003.4,87.67,87.67,91.06,29.0,5.3,241.67,208.92,237.27,Ambient,🏜️ ความชื้นต่ำผิดปกติ (<24.22%)
2026-03-04 15:48:00,0.29,194.82,3.15,36.97,22.88,27.33,1003.4,89.94,89.94,94.94,29.1,5.42,242.42,210.67,237.94,Ambient,🏜️ ความชื้นต่ำผิดปกติ (<24.22%)
2026-03-04 15:49:00,0.3,173.47,3.07,36.98,23.02,24.67,1003.33,88.98,88.98,97.73,29.0,5.75,241.55,209.62,236.95,Ambient,🏜️ ความชื้นต่ำผิดปกติ (<24.22%)
2026-03-04 15:50:00,0.3,174.73,3.02,36.91,23.13,24.67,1003.37,89.07,89.07,93.44,29.0,5.36,242.11,210.62,237.69,Ambient,🏜️ ความชื้นต่ำผิดปกติ (<24.22%)
2026-03-04 15:51:00,0.3,184.3,1.68,36.85,23.31,28.33,1003.38,90.75,90.75,90.44,29.44,5.42,243.38,213.52,238.49,Ambient,🏜️ ความชื้นต่ำผิดปกติ (<24.22%)
2026-03-04 15:52:00,0.32,136.35,0.49,36.83,23.35,29.5,1003.4,85.27,85.27,74.06,29.0,5.31,243.0,211.12,239.0,Ambient,🏜️ ความชื้นต่ำผิดปกติ (<24.22%)
2026-03-04 15:53:00,0.28,182.42,0.57,36.76,23.22,29.5,1003.4,86.56,86.56,79.13,29.2,5.0,243.12,211.14,238.38,Ambient,🏜️ ความชื้นต่ำผิดปกติ (<24.22%)
2026-03-04 15:54:00,0.3,75.5,0.39,36.84,23.08,27.67,1003.33,87.58,87.58,81.59,29.3,5.08,243.38,212.64,238.45,Ambient,🏜️ ความชื้นต่ำผิดปกติ (<24.22%)
2026-03-04 15:55:00,0.3,202.75,1.46,37.03,22.91,28.0,1003.3,90.0,90.0,91.16,29.69,5.14,244.02,214.67,239.19,Ambient,🏜️ ความชื้นต่ำผิดปกติ (<24.22%)
2026-03-04 15:56:00,0.3,185.17,3.26,37.14,22.82,27.83,1003.3,90.93,90.93,93.33,29.58,6.0,243.32,214.45,238.48,Ambient,🏜️ ความชื้นต่ำผิดปกติ (<24.22%)
2026-03-04 15:57:00,0.3,167.93,3.88,37.12,22.43,27.83,1003.3,88.56,88.56,90.79,28.9,5.23,240.73,209.23,235.81,Ambient,🏜️ ความชื้นต่ำผิดปกติ (<24.22%)
2026-03-04 15:58:00,0.26,187.17,2.88,36.97,22.64,28.5,1003.3,88.0,88.0,89.98,28.86,5.0,240.62,208.33,236.0,Ambient,🏜️ ความชื้นต่ำผิดปกติ (<24.22%)
2026-03-04 15:59:00,0.29,189.13,2.99,36.97,22.68,28.67,1003.35,87.69,87.69,84.58,29.0,5.0,241.77,209.67,237.0,Ambient,🏜️ ความชื้นต่ำผิดปกติ (<24.22%)
2026-03-04 16:00:00,0.31,197.82,2.0,36.99,22.65,28.6,1003.36,87.86,87.86,83.28,29.0,5.0,241.94,209.86,237.08,Ambient,🏜️ ความชื้นต่ำผิดปกติ (<24.22%)
2026-03-04 16:01:00,0.29,189.08,2.62,37.03,22.71,30.17,1003.32,86.73,86.73,81.08,29.0,5.0,242.0,209.71,237.21,Ambient,🏜️ ความชื้นต่ำผิดปกติ (<24.22%)
2026-03-04 16:02:00,0.31,188.28,3.84,37.02,22.79,30.83,1003.33,85.19,85.19,79.38,28.44,5.0,241.4,208.42,236.71,Ambient,🏜️ ความชื้นต่ำผิดปกติ (<24.22%)
2026-03-04 16:03:00,0.31,200.95,2.1,36.92,22.7,30.0,1003.37,84.92,84.92,81.27,28.0,5.0,240.8,207.5,236.42,Ambient,🏜️ ความชื้นต่ำผิดปกติ (<24.22%)
2026-03-04 16:04:00,0.3,192.97,2.99,36.87,22.53,28.67,1003.4,84.84,84.84,81.05,28.11,5.0,240.53,207.35,236.16,Ambient,🏜️ ความชื้นต่ำผิดปกติ (<24.22%)
2026-03-04 16:05:00,0.31,190.53,3.17,36.84,22.7,29.33,1003.32,87.12,87.12,85.76,28.42,5.0,241.19,208.84,236.51,Ambient,🏜️ ความชื้นต่ำผิดปกติ (<24.22%)
2026-03-04 16:06:00,0.27,123.52,1.45,36.95,22.39,29.67,1003.35,90.23,90.23,95.15,28.62,5.0,240.94,210.86,236.06,Ambient,🏜️ ความชื้นต่ำผิดปกติ (<24.22%)
2026-03-04 16:07:00,0.29,150.2,0.93,36.98,21.78,31.5,1003.3,93.35,93.35,103.48,28.71,5.47,239.81,212.4,234.44,Ambient,🏜️ ความชื้นต่ำผิดปกติ (<24.22%)
2026-03-04 16:08:00,0.31,117.03,1.38,37.0,21.57,29.5,1003.32,100.2,100.2,123.03,29.49,6.1,239.89,217.87,234.49,Ambient,🏜️ ความชื้นต่ำผิดปกติ (<24.22%)
2026-03-04 16:09:00,0.3,177.45,2.14,37.08,22.06,29.83,1003.38,96.03,96.03,109.77,29.7,6.66,240.77,217.88,235.58,Ambient,🏜️ ความชื้นต่ำผิดปกติ (<24.22%)
2026-03-04 16:10:00,0.29,159.52,0.62,37.05,21.99,32.67,1003.3,96.49,96.49,103.21,29.36,6.16,241.34,217.29,236.14,Ambient,🏜️ ความชื้นต่ำผิดปกติ (<24.22%)
2026-03-04 16:11:00,0.3,186.58,3.79,37.11,22.14,33.17,1003.3,94.61,94.61,99.63,29.44,6.38,241.29,216.48,235.79,Ambient,🏜️ ความชื้นต่ำผิดปกติ (<24.22%)
2026-03-04 16:12:00,0.32,180.3,3.81,37.02,22.56,34.17,1003.3,87.74,87.74,79.44,28.81,5.86,240.56,210.04,235.89,Ambient,🏜️ ความชื้นต่ำผิดปกติ (<24.22%)
2026-03-04 16:13:00,0.31,174.05,2.22,36.84,22.87,36.17,1003.3,87.08,87.08,71.25,29.08,5.0,242.14,211.21,237.28,Ambient,🏜️ ความชื้นต่ำผิดปกติ (<24.22%)
2026-03-04 16:14:00,0.3,163.3,3.37,36.74,22.48,33.2,1003.3,90.24,90.24,91.19,28.55,5.3,239.83,211.09,234.69,Ambient,🏜️ ความชื้นต่ำผิดปกติ (<24.22%)
2026-03-04 16:15:00,0.31,180.78,3.82,36.69,22.41,32.2,1003.3,89.07,89.07,92.07,28.0,5.0,239.04,208.53,234.08,Ambient,🏜️ ความชื้นต่ำผิดปกติ (<24.22%)
2026-03-04 16:16:00,0.32,184.42,2.87,36.69,21.99,29.5,1003.3,90.77,90.77,98.63,28.19,5.22,238.88,208.99,233.89,Ambient,🏜️ ความชื้นต่ำผิดปกติ (<24.22%)
2026-03-04 16:17:00,0.31,177.17,1.39,36.75,21.44,25.83,1003.3,95.02,95.02,117.38,28.53,6.0,238.16,211.38,232.77,Ambient,🏜️ ความชื้นต่ำผิดปกติ (<24.22%)
2026-03-04 16:18:00,0.29,203.8,0.52,36.83,21.23,25.17,1003.3,91.08,91.08,109.38,27.61,5.57,236.93,206.05,231.93,Ambient,🏜️ ความชื้นต่ำผิดปกติ (<24.22%)
2026-03-04 16:19:00,0.32,181.42,0.96,37.0,21.34,27.83,1003.25,97.33,97.33,123.02,28.73,6.0,238.89,212.69,233.47,Ambient,🏜️ ความชื้นต่ำผิดปกติ (<24.22%)
2026-03-04 16:20:00,0.31,177.73,2.1,37.15,21.57,28.33,1003.2,93.35,93.35,102.53,28.43,6.0,239.35,211.01,234.22,Ambient,🏜️ ความชื้นต่ำผิดปกติ (<24.22%)
2026-03-04 16:21:00,0.31,172.75,2.05,37.24,21.76,29.5,1003.2,108.5,108.5,117.63,31.16,6.72,243.16,231.42,237.02,Ambient,🏜️ ความชื้นต่ำผิดปกติ (<24.22%)
2026-03-04 16:22:00,0.29,161.95,1.89,37.26,21.22,25.83,1003.25,91.77,91.77,100.69,28.21,6.27,238.74,212.12,233.41,Ambient,🏜️ ความชื้นต่ำผิดปกติ (<24.22%)
2026-03-04 16:23:00,0.31,169.02,1.78,37.15,21.19,24.33,1003.23,91.24,91.24,101.11,28.16,6.0,238.33,209.32,233.14,Ambient,🏜️ ความชื้นต่ำผิดปกติ (<24.22%)
2026-03-04 16:24:00,0.31,188.43,1.34,37.04,21.28,25.5,1003.23,87.81,87.81,91.02,27.66,5.36,237.85,205.66,232.83,Ambient,🏜️ ความชื้นต่ำผิดปกติ (<24.22%)
2026-03-04 16:25:00,0.3,216.48,1.52,37.03,21.49,24.33,1003.25,90.98,90.98,96.67,28.0,5.31,238.5,207.13,233.71,Ambient,🏜️ ความชื้นต่ำผิดปกติ (<24.22%)
2026-03-04 16:26:00,0.31,219.5,1.1,37.14,21.39,25.67,1003.27,91.64,91.64,100.52,28.0,6.0,239.24,208.68,234.27,Ambient,🏜️ ความชื้นต่ำผิดปกติ (<24.22%)
2026-03-04 16:27:00,0.3,182.2,0.72,37.26,21.48,27.33,1003.3,95.82,95.82,103.94,28.5,6.0,240.14,212.75,235.13,Ambient,🏜️ ความชื้นต่ำผิดปกติ (<24.22%)
2026-03-04 16:28:00,0.29,186.15,2.1,37.37,21.35,26.67,1003.28,95.09,95.09,102.55,28.61,6.17,239.99,214.03,234.73,Ambient,🏜️ ความชื้นต่ำผิดปกติ (<24.22%)
2026-03-04 16:29:00,0.32,185.15,2.99,37.33,21.41,26.83,1003.23,90.42,90.42,91.71,28.0,6.0,238.9,208.42,233.92,Ambient,🏜️ ความชื้นต่ำผิดปกติ (<24.22%)
2026-03-04 16:30:00,0.29,151.23,1.58,37.25,21.28,25.83,1003.22,92.02,92.02,96.79,28.0,6.0,238.69,209.01,233.72,Ambient,🏜️ ความชื้นต่ำผิดปกติ (<24.22%)
2026-03-04 16:31:00,0.29,204.63,1.03,37.22,21.17,22.67,1003.2,92.24,92.24,103.73,28.0,6.0,238.61,208.13,233.61,Ambient,🏜️ ความชื้นต่ำผิดปกติ (<24.22%)
2026-03-04 16:32:00,0.3,140.58,0.69,37.3,21.0,21.67,1003.2,96.61,96.61,112.64,28.13,6.0,238.75,211.17,233.66,Ambient,🏜️ ความชื้นต่ำผิดปกติ (<24.22%)
2026-03-04 16:33:00,0.31,182.2,4.29,37.33,21.57,24.4,1003.2,92.73,92.73,95.19,28.27,6.34,239.57,211.71,234.45,Ambient,🏜️ ความชื้นต่ำผิดปกติ (<24.22%)
2026-03-04 16:34:00,0.32,186.25,4.35,37.14,21.57,23.67,1003.15,89.21,89.21,88.42,27.48,5.79,238.5,207.27,233.52,Ambient,🏜️ ความชื้นต่ำผิดปกติ (<24.22%)
2026-03-04 16:35:00,0.31,194.85,3.15,36.97,21.42,20.83,1003.18,90.26,90.26,97.07,27.42,5.34,237.75,207.36,232.56,Ambient,🏜️ ความชื้นต่ำผิดปกติ (<24.22%)
2026-03-04 16:36:00,0.31,186.03,1.85,36.94,21.69,21.67,1003.18,93.14,93.14,102.99,27.92,5.63,238.88,208.99,233.94,Ambient,🏜️ ความชื้นต่ำผิดปกติ (<24.22%)
2026-03-04 16:37:00,0.27,178.42,3.08,37.02,21.35,18.83,1003.2,87.88,87.88,91.97,27.2,5.49,237.41,205.99,232.47,Ambient,🏜️ ความชื้นต่ำผิดปกติ (<24.22%)
2026-03-04 16:38:00,0.28,176.15,1.04,36.88,21.36,20.33,1003.13,91.01,91.01,94.62,27.47,5.03,237.7,208.09,232.52,Ambient,🏜️ ความชื้นต่ำผิดปกติ (<24.22%)
2026-03-04 16:39:00,0.29,163.13,1.61,36.78,21.2,19.67,1003.1,94.4,94.4,104.65,27.65,5.48,237.52,209.17,232.27,Ambient,🏜️ ความชื้นต่ำผิดปกติ (<24.22%)
2026-03-04 16:40:00,0.3,139.74,0.4,36.83,21.42,18.8,1003.1,93.86,93.86,106.24,27.97,6.0,238.27,211.19,233.11,Ambient,🏜️ ความชื้นต่ำผิดปกติ (<24.22%)
2026-03-04 16:41:00,0.29,150.18,1.0,36.91,21.46,22.0,1003.1,92.73,92.73,98.93,27.84,6.0,238.3,210.32,233.25,Ambient,🏜️ ความชื้นต่ำผิดปกติ (<24.22%)
2026-03-04 16:42:00,0.3,175.85,3.9,36.95,21.24,20.67,1003.1,92.21,92.21,102.35,27.69,5.89,237.47,208.99,232.11,Ambient,🏜️ ความชื้นต่ำผิดปกติ (<24.22%)
2026-03-04 16:43:00,0.31,177.85,3.48,36.87,21.28,18.67,1003.1,89.82,89.82,93.57,27.07,5.0,236.56,205.67,231.48,Ambient,🏜️ ความชื้นต่ำผิดปกติ (<24.22%)
2026-03-04 16:44:00,0.27,186.2,2.57,36.8,21.39,20.33,1003.1,92.31,92.31,96.65,27.67,5.08,237.69,208.69,232.15,Ambient,🏜️ ความชื้นต่ำผิดปกติ (<24.22%)
2026-03-04 16:45:00,0.31,181.53,3.9,36.76,21.36,20.17,1003.1,87.34,87.34,89.25,27.0,5.0,236.16,204.28,231.13,Ambient,🏜️ ความชื้นต่ำผิดปกติ (<24.22%)
2026-03-04 16:46:00,0.32,188.6,3.01,36.64,21.56,22.17,1003.1,85.52,85.52,80.41,27.0,5.0,236.5,202.78,231.67,Ambient,🏜️ ความชื้นต่ำผิดปกติ (<24.22%)
2026-03-04 16:47:00,0.3,186.22,3.7,36.59,21.4,18.8,1003.1,87.92,87.92,89.55,26.88,5.0,236.3,204.11,231.09,Ambient,🏜️ ความชื้นต่ำผิดปกติ (<24.22%)
2026-03-04 16:48:00,0.3,178.9,3.37,36.53,21.31,17.83,1003.1,85.19,85.19,85.66,26.06,4.98,235.02,200.4,230.0,Ambient,🏜️ ความชื้นต่ำผิดปกติ (<24.22%)
2026-03-04 16:49:00,0.32,190.22,2.34,36.46,21.52,18.0,1003.1,85.52,85.52,82.89,26.58,4.28,235.66,201.38,230.85,Ambient,🏜️ ความชื้นต่ำผิดปกติ (<24.22%)
2026-03-04 16:50:00,0.29,195.02,2.72,36.49,21.53,20.6,1003.1,88.85,88.85,88.06,27.0,5.0,237.0,204.38,232.0,Ambient,🏜️ ความชื้นต่ำผิดปกติ (<24.22%)
2026-03-04 16:51:00,0.29,195.46,2.55,36.53,21.37,20.6,1003.1,89.62,89.62,92.91,27.0,5.0,236.36,204.46,231.12,Ambient,🏜️ ความชื้นต่ำผิดปกติ (<24.22%)
2026-03-04 16:52:00,0.31,179.0,0.85,36.56,21.34,20.2,1003.1,88.21,88.21,88.69,27.0,5.0,236.38,203.56,231.43,Ambient,🏜️ ความชื้นต่ำผิดปกติ (<24.22%)
2026-03-04 16:53:00,0.3,183.17,2.54,36.57,21.13,19.33,1003.1,91.51,91.51,97.26,27.4,5.0,236.64,207.1,231.47,Ambient,🏜️ ความชื้นต่ำผิดปกติ (<24.22%)
2026-03-04 16:54:00,0.34,193.62,2.25,36.58,21.18,18.67,1003.1,87.49,87.49,89.99,27.0,5.0,235.84,202.55,230.83,Ambient,🏜️ ความชื้นต่ำผิดปกติ (<24.22%)
2026-03-04 16:55:00,0.29,173.96,2.06,36.59,21.36,20.6,1003.12,87.93,87.93,89.03,26.95,5.0,235.92,202.95,230.94,Ambient,🏜️ ความชื้นต่ำผิดปกติ (<24.22%)
2026-03-04 16:56:00,0.32,181.65,1.63,36.58,21.15,18.33,1003.18,90.23,90.23,95.55,26.92,5.0,236.22,204.85,231.03,Ambient,🏜️ ความชื้นต่ำผิดปกติ (<24.22%)
2026-03-04 16:57:00,0.31,144.03,1.23,36.66,20.77,18.17,1003.17,91.08,91.08,107.8,26.75,5.0,235.24,204.16,229.89,Ambient,🏜️ ความชื้นต่ำผิดปกติ (<24.22%)
2026-03-04 16:58:00,0.28,158.3,1.73,36.69,20.55,16.0,1003.15,92.04,92.04,117.97,26.52,5.0,234.63,202.85,229.48,Ambient,🏜️ ความชื้นต่ำผิดปกติ (<24.22%)
2026-03-04 16:59:00,0.3,192.48,1.44,36.76,20.83,16.0,1003.2,94.4,94.4,122.03,27.0,5.88,235.88,205.64,230.75,Ambient,🏜️ ความชื้นต่ำผิดปกติ (<24.22%)
2026-03-04 17:00:00,0.32,133.57,1.74,36.85,21.09,18.5,1003.18,95.17,95.17,115.0,27.34,6.0,236.45,207.87,231.24,Ambient,🏜️ ความชื้นต่ำผิดปกติ (<24.22%)
2026-03-04 17:01:00,0.32,133.52,0.99,36.78,21.23,22.0,1003.2,94.54,94.54,100.36,27.42,5.99,237.03,207.54,231.82,Ambient,🏜️ ความชื้นต่ำผิดปกติ (<24.22%)
2026-03-04 17:02:00,0.3,169.15,1.28,36.83,21.35,20.83,1003.2,97.59,97.59,111.15,27.61,6.02,237.96,210.57,232.9,Ambient,🏜️ ความชื้นต่ำผิดปกติ (<24.22%)
2026-03-04 17:03:00,0.31,141.88,1.83,36.91,21.03,20.67,1003.2,100.29,100.29,127.13,28.17,6.91,237.96,213.7,232.51,Ambient,🏜️ ความชื้นต่ำผิดปกติ (<24.22%)
2026-03-04 17:04:00,0.29,176.42,1.65,36.92,20.59,18.0,1003.2,99.4,99.4,120.42,27.71,6.61,236.33,211.82,230.66,Ambient,🏜️ ความชื้นต่ำผิดปกติ (<24.22%)
2026-03-04 17:05:00,0.29,155.72,1.73,36.89,20.68,17.2,1003.2,95.5,95.5,118.7,27.1,6.12,235.67,207.98,230.37,Ambient,🏜️ ความชื้นต่ำผิดปกติ (<24.22%)
2026-03-04 17:06:00,0.32,185.65,2.52,36.91,20.53,16.33,1003.2,93.33,93.33,109.61,26.75,6.0,235.36,205.46,230.08,Ambient,🏜️ ความชื้นต่ำผิดปกติ (<24.22%)
2026-03-04 17:07:00,0.28,177.27,1.44,36.87,20.73,16.67,1003.22,96.69,96.69,115.69,27.1,6.0,236.23,208.81,230.9,Ambient,🏜️ ความชื้นต่ำผิดปกติ (<24.22%)
2026-03-04 17:08:00,0.3,137.58,1.49,36.91,21.02,18.83,1003.22,102.81,102.81,122.82,28.45,6.55,238.24,218.03,232.52,Ambient,🏜️ ความชื้นต่ำผิดปกติ (<24.22%)
2026-03-04 17:09:00,0.32,164.15,2.06,36.93,20.95,19.83,1003.27,94.89,94.89,109.53,27.08,6.08,236.64,209.25,231.38,Ambient,🏜️ ความชื้นต่ำผิดปกติ (<24.22%)
2026-03-04 17:10:00,0.28,184.8,3.63,36.85,20.74,17.4,1003.24,92.58,92.58,103.9,26.59,6.0,234.81,204.31,229.59,Ambient,🏜️ ความชื้นต่ำผิดปกติ (<24.22%)
2026-03-04 17:11:00,0.27,171.77,1.66,36.78,20.66,17.67,1003.3,100.22,100.22,122.88,27.28,6.0,236.12,210.89,230.8,Ambient,🏜️ ความชื้นต่ำผิดปกติ (<24.22%)
2026-03-04 17:12:00,0.28,134.63,1.01,36.79,20.67,17.83,1003.3,94.04,94.04,108.5,26.9,6.0,235.08,205.65,229.56,Ambient,🏜️ ความชื้นต่ำผิดปกติ (<24.22%)
2026-03-04 17:13:00,0.31,136.42,1.96,36.71,20.8,17.5,1003.28,93.42,93.42,108.42,26.66,6.0,235.05,204.82,229.85,Ambient,🏜️ ความชื้นต่ำผิดปกติ (<24.22%)
2026-03-04 17:14:00,0.32,159.63,2.44,36.67,21.12,14.83,1003.27,96.58,96.58,117.0,26.99,6.0,235.52,207.33,230.27,Ambient,🏜️ ความชื้นต่ำผิดปกติ (<24.22%)
2026-03-04 17:15:00,0.31,162.42,3.45,36.61,21.5,17.67,1003.25,92.12,92.12,106.74,26.1,6.0,234.08,203.11,228.82,Ambient,🏜️ ความชื้นต่ำผิดปกติ (<24.22%)
2026-03-04 17:16:00,0.3,174.48,2.01,36.47,20.99,16.4,1003.3,92.08,92.08,106.14,26.0,5.76,233.94,202.2,228.66,Ambient,🏜️ ความชื้นต่ำผิดปกติ (<24.22%)
2026-03-04 17:17:00,0.28,185.02,3.15,36.43,21.09,15.8,1003.3,94.95,94.95,113.63,26.44,6.0,235.2,204.88,229.89,Ambient,🏜️ ความชื้นต่ำผิดปกติ (<24.22%)
2026-03-04 17:18:00,0.31,190.93,1.73,36.45,20.9,15.67,1003.3,94.11,94.11,113.95,26.3,6.0,234.88,204.78,229.52,Ambient,🏜️ ความชื้นต่ำผิดปกติ (<24.22%)
2026-03-04 17:19:00,0.32,134.55,1.93,36.51,21.24,18.83,1003.3,96.94,96.94,120.61,27.0,6.0,236.18,207.99,230.96,Ambient,🏜️ ความชื้นต่ำผิดปกติ (<24.22%)
2026-03-04 17:20:00,0.29,98.82,1.62,36.46,21.5,20.17,1003.3,92.44,92.44,106.08,26.34,6.0,236.03,205.33,230.86,Ambient,🏜️ ความชื้นต่ำผิดปกติ (<24.22%)
2026-03-04 17:21:00,0.3,143.52,1.7,36.38,21.39,17.5,1003.3,97.73,97.73,115.89,27.31,6.0,237.31,211.11,231.84,Ambient,🏜️ ความชื้นต่ำผิดปกติ (<24.22%)
2026-03-04 17:22:00,0.28,149.43,1.1,36.47,20.85,19.17,1003.3,95.19,95.19,112.73,26.53,6.0,235.11,206.63,229.86,Ambient,🏜️ ความชื้นต่ำผิดปกติ (<24.22%)
2026-03-04 17:23:00,0.28,155.36,2.45,36.56,20.79,18.2,1003.28,101.18,101.18,123.75,27.09,6.36,235.27,210.11,229.71,Ambient,🏜️ ความชื้นต่ำผิดปกติ (<24.22%)
2026-03-04 17:24:00,0.31,181.68,1.65,36.59,20.95,15.83,1003.3,97.79,97.79,121.55,26.74,6.32,235.38,207.45,229.93,Ambient,🏜️ ความชื้นต่ำผิดปกติ (<24.22%)
2026-03-04 17:25:00,0.3,171.3,1.13,36.59,21.01,17.5,1003.3,104.38,104.38,136.83,27.36,7.11,236.35,211.82,230.94,Ambient,🏜️ ความชื้นต่ำผิดปกติ (<24.22%)
2026-03-04 17:26:00,0.29,171.33,1.58,36.64,21.13,21.33,1003.3,110.25,110.25,155.72,29.07,8.68,237.8,219.31,232.0,Ambient,🏜️ ความชื้นต่ำผิดปกติ (<24.22%)
2026-03-04 17:27:00,0.3,101.05,1.66,36.65,21.16,20.17,1003.3,98.21,98.21,120.94,27.22,7.47,237.08,211.13,231.58,Ambient,🏜️ ความชื้นต่ำผิดปกติ (<24.22%)
2026-03-04 17:28:00,0.29,179.0,1.62,36.63,21.4,19.5,1003.3,102.1,102.1,124.28,27.83,7.0,238.05,216.04,232.6,Ambient,🏜️ ความชื้นต่ำผิดปกติ (<24.22%)
2026-03-04 17:29:00,0.31,164.82,1.41,36.62,21.22,17.8,1003.3,103.24,103.24,130.62,27.73,7.0,237.55,214.94,232.14,Ambient,🏜️ ความชื้นต่ำผิดปกติ (<24.22%)
2026-03-04 17:30:00,0.3,189.8,1.44,36.65,20.93,17.33,1003.35,106.86,106.86,143.52,28.0,7.85,237.19,216.77,231.59,Ambient,🏜️ ความชื้นต่ำผิดปกติ (<24.22%)
2026-03-04 17:31:00,0.3,181.63,1.92,36.68,20.63,15.33,1003.4,106.02,106.02,148.47,27.76,8.0,236.48,215.47,230.67,Ambient,🏜️ ความชื้นต่ำผิดปกติ (<24.22%)
2026-03-04 17:32:00,0.32,191.65,2.16,36.66,20.32,14.33,1003.4,99.5,99.5,135.22,26.44,7.16,234.0,207.13,228.28,Ambient,🏜️ ความชื้นต่ำผิดปกติ (<24.22%)
2026-03-04 17:33:00,0.3,147.03,2.18,36.62,20.25,15.33,1003.4,98.73,98.73,132.64,26.3,7.0,233.05,205.75,227.51,Ambient,🏜️ ความชื้นต่ำผิดปกติ (<24.22%)
2026-03-04 17:34:00,0.31,181.83,1.66,36.52,20.24,15.0,1003.4,99.54,99.54,135.45,26.05,6.96,233.0,205.28,227.38,Ambient,🏜️ ความชื้นต่ำผิดปกติ (<24.22%)
2026-03-04 17:35:00,0.32,184.77,2.72,36.49,20.15,15.0,1003.42,97.1,97.1,131.54,25.88,6.77,232.52,203.73,226.92,Ambient,🏜️ ความชื้นต่ำผิดปกติ (<24.22%)
2026-03-04 17:36:00,0.3,189.72,1.91,36.4,20.14,14.83,1003.47,94.19,94.19,119.16,25.66,6.0,231.8,200.35,226.19,Ambient,🏜️ ความชื้นต่ำผิดปกติ (<24.22%)
2026-03-04 17:37:00,0.3,187.7,2.2,36.35,20.32,14.2,1003.48,96.94,96.94,127.25,26.0,6.0,232.67,202.64,227.28,Ambient,🏜️ ความชื้นต่ำผิดปกติ (<24.22%)
2026-03-04 17:38:00,0.29,196.88,1.13,36.32,20.49,15.0,1003.47,104.68,104.68,140.82,26.7,6.53,234.03,209.21,228.49,Ambient,🏜️ ความชื้นต่ำผิดปกติ (<24.22%)
2026-03-04 17:39:00,0.33,206.37,1.01,36.36,20.64,16.33,1003.47,108.5,108.5,152.17,27.38,7.52,235.38,214.18,229.45,Ambient,🏜️ ความชื้นต่ำผิดปกติ (<24.22%)
2026-03-04 17:40:00,0.31,218.62,0.24,36.44,20.83,15.0,1003.45,111.69,111.69,158.87,28.0,8.0,236.35,217.56,230.52,Ambient,🏜️ ความชื้นต่ำผิดปกติ (<24.22%)
2026-03-04 17:41:00,0.31,211.88,0.62,36.53,21.02,16.33,1003.48,114.53,114.53,154.87,28.7,8.64,238.03,223.49,232.05,Ambient,🏜️ ความชื้นต่ำผิดปกติ (<24.22%)
2026-03-04 17:42:00,0.27,150.33,0.86,36.6,21.42,19.0,1003.45,125.75,125.75,171.1,30.9,10.17,240.86,235.83,234.45,Ambient,🏜️ ความชื้นต่ำผิดปกติ (<24.22%)
2026-03-04 17:43:00,0.32,133.25,1.48,36.6,21.11,19.83,1003.4,108.28,108.28,146.11,28.64,9.63,237.81,220.65,231.8,Ambient,🏜️ ความชื้นต่ำผิดปกติ (<24.22%)
2026-03-04 17:44:00,0.3,162.78,1.3,36.54,21.18,18.67,1003.42,106.89,106.89,142.37,27.9,8.9,237.46,217.69,231.71,Ambient,🏜️ ความชื้นต่ำผิดปกติ (<24.22%)
2026-03-04 17:45:00,0.29,121.33,1.78,36.47,21.27,16.0,1003.48,104.69,104.69,134.91,27.74,8.0,237.42,217.5,231.79,Ambient,🏜️ ความชื้นต่ำผิดปกติ (<24.22%)
2026-03-04 17:46:00,0.31,115.35,1.01,36.38,21.39,17.17,1003.5,108.14,108.14,133.29,28.09,8.03,237.83,219.77,232.1,Ambient,🏜️ ความชื้นต่ำผิดปกติ (<24.22%)
2026-03-04 17:47:00,0.31,127.95,0.77,36.28,21.59,17.83,1003.5,113.85,113.85,153.75,29.06,9.13,239.19,228.16,232.94,Ambient,🏜️ ความชื้นต่ำผิดปกติ (<24.22%)
2026-03-04 17:48:00,0.31,130.53,0.33,36.19,21.77,17.83,1003.5,106.89,106.89,147.53,27.8,8.1,238.22,220.25,232.5,Ambient,🏜️ ความชื้นต่ำผิดปกติ (<24.22%)
2026-03-04 17:49:00,0.32,134.45,1.37,36.15,21.96,17.33,1003.5,108.13,108.13,151.22,28.09,8.37,238.65,221.71,232.71,Ambient,🏜️ ความชื้นต่ำผิดปกติ (<24.22%)
2026-03-04 17:50:00,0.29,119.4,1.54,36.05,22.2,17.8,1003.52,103.91,103.91,141.3,27.53,8.0,238.42,218.02,232.99,Ambient,🏜️ ความชื้นต่ำผิดปกติ (<24.22%)
2026-03-04 17:51:00,0.29,140.17,1.39,35.96,22.05,17.83,1003.5,101.85,101.85,137.68,27.22,7.95,237.89,216.68,232.12,Ambient,🏜️ ความชื้นต่ำผิดปกติ (<24.22%)
2026-03-04 17:52:00,0.29,140.05,1.17,35.93,21.93,18.5,1003.5,105.11,105.11,141.34,27.64,7.35,237.61,218.87,231.77,Ambient,🏜️ ความชื้นต่ำผิดปกติ (<24.22%)
2026-03-04 17:53:00,0.32,181.93,1.48,35.93,21.74,18.33,1003.53,114.86,114.86,158.27,28.67,8.44,238.16,226.43,231.86,Ambient,🏜️ ความชื้นต่ำผิดปกติ (<24.22%)
2026-03-04 17:54:00,0.3,175.2,1.77,35.92,21.51,18.0,1003.57,98.0,98.0,123.07,26.47,7.71,235.06,212.28,229.17,Ambient,🏜️ ความชื้นต่ำผิดปกติ (<24.22%)
2026-03-04 17:55:00,0.32,226.15,0.67,35.85,21.8,18.33,1003.6,99.28,99.28,124.45,26.55,7.0,236.19,211.34,230.85,Ambient,🏜️ ความชื้นต่ำผิดปกติ (<24.22%)
2026-03-04 17:56:00,0.29,197.62,0.71,35.86,22.06,18.83,1003.6,108.18,108.18,151.25,27.92,7.83,238.0,219.59,232.13,Ambient,🏜️ ความชื้นต่ำผิดปกติ (<24.22%)
2026-03-04 17:57:00,0.3,196.65,0.78,35.87,22.2,19.5,1003.6,106.19,106.19,150.08,27.57,8.0,238.44,219.22,233.02,Ambient,🏜️ ความชื้นต่ำผิดปกติ (<24.22%)
2026-03-04 17:58:00,0.3,148.07,0.42,35.87,22.41,19.33,1003.6,110.46,110.46,156.07,28.4,8.48,239.55,224.27,233.71,Ambient,🏜️ ความชื้นต่ำผิดปกติ (<24.22%)
2026-03-04 17:59:00,0.28,141.3,0.53,35.83,22.66,20.33,1003.6,115.07,115.07,160.67,28.76,8.81,240.35,227.93,234.33,Ambient,🏜️ ความชื้นต่ำผิดปกติ (<24.22%)
2026-03-04 18:00:00,0.3,180.62,1.58,35.78,22.79,20.17,1003.6,119.21,119.21,166.08,29.55,9.75,241.33,233.02,235.0,Ambient,🏜️ ความชื้นต่ำผิดปกติ (<24.22%)
2026-03-04 18:01:00,0.28,195.12,1.58,35.71,22.74,20.0,1003.6,101.44,101.44,136.87,27.12,8.54,238.41,217.52,233.02,Ambient,🏜️ ความชื้นต่ำผิดปกติ (<24.22%)
2026-03-04 18:02:00,0.28,136.98,0.69,35.59,22.91,20.0,1003.6,105.17,105.17,149.63,27.31,8.0,238.82,218.41,233.49,Ambient,🏜️ ความชื้นต่ำผิดปกติ (<24.22%)
2026-03-04 18:03:00,0.31,172.98,0.95,35.53,23.22,19.83,1003.6,111.38,111.38,159.5,27.83,8.75,239.75,221.77,233.98,Ambient,🏜️ ความชื้นต่ำผิดปกติ (<24.22%)
2026-03-04 18:04:00,0.28,153.77,1.01,35.5,23.37,21.0,1003.6,108.5,108.5,159.37,27.63,9.0,239.73,221.05,234.38,Ambient,🏜️ ความชื้นต่ำผิดปกติ (<24.22%)
2026-03-04 18:05:00,0.31,127.3,1.44,35.42,23.5,20.4,1003.6,109.01,109.01,157.82,27.74,9.0,240.0,221.46,234.45,Ambient,🏜️ ความชื้นต่ำผิดปกติ (<24.22%)
2026-03-04 18:06:00,0.31,137.55,1.51,35.37,23.59,21.17,1003.6,105.61,105.61,151.25,27.0,9.0,239.34,217.77,234.08,Ambient,🏜️ ความชื้นต่ำผิดปกติ (<24.22%)
2026-03-04 18:07:00,0.29,123.22,2.06,35.28,23.33,21.33,1003.6,102.66,102.66,143.95,26.63,8.24,238.28,215.16,232.8,Ambient,🏜️ ความชื้นต่ำผิดปกติ (<24.22%)
2026-03-04 18:08:00,0.33,115.63,2.32,35.21,23.16,19.83,1003.6,105.06,105.06,143.73,27.04,8.0,237.84,217.29,232.1,Ambient,🏜️ ความชื้นต่ำผิดปกติ (<24.22%)
2026-03-04 18:09:00,0.3,106.45,1.48,35.18,22.79,19.5,1003.6,103.27,103.27,134.51,26.48,7.81,235.96,213.98,230.11,Ambient,🏜️ ความชื้นต่ำผิดปกติ (<24.22%)
2026-03-04 18:10:00,0.3,167.75,0.45,35.15,22.85,18.33,1003.6,104.77,104.77,150.51,26.43,8.0,236.43,214.48,230.98,Ambient,🏜️ ความชื้นต่ำผิดปกติ (<24.22%)
2026-03-04 18:11:00,0.31,184.57,1.78,35.19,23.09,18.5,1003.6,109.02,109.02,164.83,27.1,8.74,237.67,218.03,232.0,Ambient,🏜️ ความชื้นต่ำผิดปกติ (<24.22%)
2026-03-04 18:12:00,0.29,175.18,0.9,35.21,23.22,19.33,1003.6,111.52,111.52,158.94,27.47,9.0,238.39,219.64,232.69,Ambient,🏜️ ความชื้นต่ำผิดปกติ (<24.22%)
2026-03-04 18:13:00,0.3,202.65,1.12,35.19,23.33,20.5,1003.63,122.46,122.46,169.0,29.09,9.98,240.27,230.69,234.09,Ambient,🏜️ ความชื้นต่ำผิดปกติ (<24.22%)
2026-03-04 18:14:00,0.28,182.75,0.66,35.19,23.42,20.83,1003.7,116.51,116.51,172.11,28.53,10.43,239.75,226.91,233.72,Ambient,🏜️ ความชื้นต่ำผิดปกติ (<24.22%)
2026-03-04 18:15:00,0.32,186.87,1.73,35.2,23.44,19.83,1003.7,110.84,110.84,168.3,27.6,10.0,238.78,221.16,233.26,Ambient,🏜️ ความชื้นต่ำผิดปกติ (<24.22%)
2026-03-04 18:16:00,0.29,162.63,1.16,35.14,23.44,20.17,1003.7,108.17,108.17,164.5,27.17,9.31,238.25,218.99,232.68,Ambient,🏜️ ความชื้นต่ำผิดปกติ (<24.22%)
2026-03-04 18:17:00,0.28,187.85,0.89,35.05,23.48,20.17,1003.7,107.85,107.85,164.75,27.0,9.0,238.06,217.29,232.29,Ambient,🏜️ ความชื้นต่ำผิดปกติ (<24.22%)
2026-03-04 18:18:00,0.32,196.27,0.88,35.0,23.67,19.0,1003.7,112.41,112.41,173.41,27.55,9.11,239.14,222.02,233.55,Ambient,🏜️ ความชื้นต่ำผิดปกติ (<24.22%)
2026-03-04 18:19:00,0.27,213.07,0.81,34.97,23.82,20.17,1003.7,113.71,113.71,179.71,27.91,10.0,239.76,223.75,234.0,Ambient,🏜️ ความชื้นต่ำผิดปกติ (<24.22%)
2026-03-04 18:20:00,0.3,180.53,1.52,34.95,23.13,18.5,1003.7,108.94,108.94,170.04,26.64,9.45,236.88,217.9,230.92,Ambient,🏜️ ความชื้นต่ำผิดปกติ (<24.22%)
2026-03-04 18:21:00,0.31,192.13,3.32,34.91,22.96,16.83,1003.7,106.8,106.8,167.96,26.25,8.81,236.66,215.96,231.05,Ambient,🏜️ ความชื้นต่ำผิดปกติ (<24.22%)
2026-03-04 18:22:00,0.27,195.64,2.46,34.86,22.62,15.8,1003.7,100.8,100.8,152.14,25.3,8.0,234.55,209.65,228.7,Ambient,🏜️ ความชื้นต่ำผิดปกติ (<24.22%)
2026-03-04 18:23:00,0.28,190.3,2.32,34.81,22.79,14.5,1003.7,102.8,102.8,153.14,25.31,8.0,234.29,210.06,228.69,Ambient,🏜️ ความชื้นต่ำผิดปกติ (<24.22%)
2026-03-04 18:24:00,0.3,199.88,1.71,34.77,22.78,14.67,1003.7,116.06,116.06,172.52,27.14,8.64,236.25,220.33,230.22,Ambient,🏜️ ความชื้นต่ำผิดปกติ (<24.22%)
2026-03-04 18:25:00,0.31,199.05,0.9,34.78,22.66,15.33,1003.7,108.6,108.6,166.22,26.31,9.22,234.99,216.14,228.84,Ambient,🏜️ ความชื้นต่ำผิดปกติ (<24.22%)
2026-03-04 18:26:00,0.3,208.78,1.19,34.76,22.8,15.33,1003.7,111.49,111.49,171.7,26.7,9.0,235.62,218.63,229.63,Ambient,🏜️ ความชื้นต่ำผิดปกติ (<24.22%)
2026-03-04 18:27:00,0.26,192.82,0.71,34.76,22.86,15.4,1003.7,113.34,113.34,175.27,26.83,9.0,236.33,220.98,230.21,Ambient,🏜️ ความชื้นต่ำผิดปกติ (<24.22%)
2026-03-04 18:28:00,0.32,194.9,2.07,34.76,22.71,16.67,1003.7,110.33,110.33,173.57,26.47,9.0,235.49,218.08,229.32,Ambient,🏜️ ความชื้นต่ำผิดปกติ (<24.22%)
2026-03-04 18:29:00,0.28,194.5,0.65,34.72,22.71,15.67,1003.7,114.25,114.25,173.53,26.83,9.24,235.3,219.49,229.1,Ambient,🏜️ ความชื้นต่ำผิดปกติ (<24.22%)
2026-03-04 18:30:00,0.31,186.72,0.32,34.7,22.77,16.0,1003.7,112.24,112.24,177.25,26.5,9.42,235.17,219.02,228.99,Ambient,🏜️ ความชื้นต่ำผิดปกติ (<24.22%)
2026-03-04 18:31:00,0.31,191.4,1.56,34.68,22.72,14.67,1003.72,109.59,109.59,172.94,26.0,9.0,234.79,214.71,228.83,Ambient,🏜️ ความชื้นต่ำผิดปกติ (<24.22%)
2026-03-04 18:32:00,0.3,214.73,0.94,34.65,22.83,15.33,1003.75,110.15,110.15,172.62,25.82,9.0,234.47,213.41,228.42,Ambient,🏜️ ความชื้นต่ำผิดปกติ (<24.22%)
2026-03-04 18:33:00,0.3,173.07,0.85,34.65,22.92,17.17,1003.75,113.46,113.46,177.57,26.35,9.69,235.16,217.14,229.02,Ambient,🏜️ ความชื้นต่ำผิดปกติ (<24.22%)
2026-03-04 18:34:00,0.31,194.85,1.67,34.63,23.12,17.17,1003.77,116.25,116.25,180.53,26.78,9.72,236.25,221.11,229.94,Ambient,🏜️ ความชื้นต่ำผิดปกติ (<24.22%)
2026-03-04 18:35:00,0.29,169.82,1.31,34.62,23.05,17.17,1003.77,110.97,110.97,168.8,26.37,9.7,235.27,218.28,229.08,Ambient,🏜️ ความชื้นต่ำผิดปกติ (<24.22%)
2026-03-04 18:36:00,0.3,162.33,2.12,34.61,23.07,17.5,1003.78,106.75,106.75,161.73,25.6,9.0,234.5,212.9,228.63,Ambient,🏜️ ความชื้นต่ำผิดปกติ (<24.22%)
2026-03-04 18:37:00,0.3,162.6,1.41,34.58,23.05,18.0,1003.8,105.07,105.07,155.8,25.0,8.38,233.88,210.15,228.0,Ambient,🏜️ ความชื้นต่ำผิดปกติ (<24.22%)
2026-03-04 18:38:00,0.29,197.03,1.14,34.55,23.16,18.17,1003.8,112.23,112.23,168.12,26.02,8.7,234.89,216.59,229.0,Ambient,🏜️ ความชื้นต่ำผิดปกติ (<24.22%)
2026-03-04 18:39:00,0.29,196.45,1.42,34.6,23.17,17.83,1003.8,114.56,114.56,175.8,26.56,9.97,235.49,219.94,229.44,Ambient,🏜️ ความชื้นต่ำผิดปกติ (<24.22%)
2026-03-04 18:40:00,0.3,187.8,2.94,34.59,23.27,19.67,1003.8,114.95,114.95,176.45,26.59,10.0,236.0,220.9,229.74,Ambient,🏜️ ความชื้นต่ำผิดปกติ (<24.22%)
2026-03-04 18:41:00,0.31,187.08,3.08,34.55,23.36,18.6,1003.8,108.36,108.36,166.85,25.82,9.15,235.34,216.29,229.46,Ambient,🏜️ ความชื้นต่ำผิดปกติ (<24.22%)
2026-03-04 18:42:00,0.3,184.87,3.6,34.5,23.4,19.0,1003.8,106.42,106.42,156.24,25.27,8.91,234.71,214.77,228.81,Ambient,🏜️ ความชื้นต่ำผิดปกติ (<24.22%)
2026-03-04 18:43:00,0.32,186.45,3.27,34.48,23.44,20.5,1003.8,111.52,111.52,161.07,26.01,8.6,235.52,219.65,229.35,Ambient,🏜️ ความชื้นต่ำผิดปกติ (<24.22%)
2026-03-04 18:44:00,0.3,197.88,2.03,34.45,23.48,21.0,1003.8,113.5,113.5,170.66,26.28,9.0,236.02,222.25,229.77,Ambient,🏜️ ความชื้นต่ำผิดปกติ (<24.22%)
2026-03-04 18:45:00,0.28,187.72,1.69,34.45,23.55,19.5,1003.83,114.68,114.68,176.37,26.41,9.33,236.2,222.96,230.0,Ambient,🏜️ ความชื้นต่ำผิดปกติ (<24.22%)
2026-03-04 18:46:00,0.3,174.75,1.2,34.44,23.57,20.17,1003.9,114.96,114.96,180.91,26.92,10.0,236.63,223.0,230.16,Ambient,🏜️ ความชื้นต่ำผิดปกติ (<24.22%)
2026-03-04 18:47:00,0.3,174.25,0.9,34.42,23.71,18.83,1003.9,113.06,113.06,180.17,26.27,10.0,236.33,221.61,230.22,Ambient,🏜️ ความชื้นต่ำผิดปกติ (<24.22%)
2026-03-04 18:48:00,0.28,175.18,1.09,34.42,23.8,20.67,1003.9,115.02,115.02,177.31,26.59,10.0,236.78,223.57,230.35,Ambient,🏜️ ความชื้นต่ำผิดปกติ (<24.22%)
2026-03-04 18:49:00,0.3,191.66,1.79,34.41,23.82,22.0,1003.9,113.41,113.41,171.64,26.3,10.0,236.46,221.94,230.29,Ambient,🏜️ ความชื้นต่ำผิดปกติ (<24.22%)
2026-03-04 18:50:00,0.3,197.62,2.3,34.38,23.83,22.0,1003.9,112.64,112.64,174.19,26.0,10.0,236.56,221.33,230.31,Ambient,🏜️ ความชื้นต่ำผิดปกติ (<24.22%)
2026-03-04 18:51:00,0.27,195.37,2.76,34.37,23.94,24.0,1003.9,108.26,108.26,163.64,25.71,9.56,236.61,220.33,230.5,Ambient,🏜️ ความชื้นต่ำผิดปกติ (<24.22%)
2026-03-04 18:52:00,0.29,188.55,3.52,34.31,24.1,24.17,1003.9,105.05,105.05,151.85,25.33,8.55,236.0,217.75,230.08,Ambient,🏜️ ความชื้นต่ำผิดปกติ (<24.22%)
2026-03-04 18:53:00,0.28,191.9,3.36,34.27,24.21,24.5,1003.97,108.51,108.51,159.13,26.0,8.52,236.58,220.64,230.65,Ambient,🏜️ ความชื้นต่ำผิดปกติ (<24.22%)
2026-03-04 19:26:00,0.3,193.22,3.01,33.72,24.12,27.17,1004.28,110.71,110.71,158.77,25.11,10.0,233.18,218.44,226.99,Ambient,🏜️ ความชื้นต่ำผิดปกติ (<24.22%)
2026-03-04 19:27:00,0.28,195.8,3.5,33.74,23.36,24.67,1004.3,103.1,103.1,137.87,24.21,8.88,231.26,212.23,224.69,Ambient,🏜️ ความชื้นต่ำผิดปกติ (<24.22%)
2026-03-04 19:28:00,0.3,196.87,2.12,33.73,23.66,23.17,1004.3,106.5,106.5,144.09,25.0,8.77,232.02,214.33,225.83,Ambient,🏜️ ความชื้นต่ำผิดปกติ (<24.22%)
2026-03-04 19:29:00,0.3,189.22,3.41,33.68,23.76,23.33,1004.3,108.72,108.72,154.12,25.11,9.0,232.46,216.48,226.1,Ambient,🏜️ ความชื้นต่ำผิดปกติ (<24.22%)
2026-03-04 19:30:00,0.3,189.82,2.99,33.7,23.59,23.5,1004.3,105.29,105.29,148.49,24.75,9.0,231.15,213.83,224.75,Ambient,🏜️ ความชื้นต่ำผิดปกติ (<24.22%)
2026-03-04 19:31:00,0.3,194.53,3.46,33.69,23.39,23.17,1004.3,105.14,105.14,151.78,24.6,8.95,230.58,213.09,224.35,Ambient,🏜️ ความชื้นต่ำผิดปกติ (<24.22%)
2026-03-04 19:32:00,0.3,189.72,1.08,33.67,23.38,24.83,1004.3,105.45,105.45,153.93,24.58,8.48,230.69,212.74,224.58,Ambient,🏜️ ความชื้นต่ำผิดปกติ (<24.22%)
2026-03-04 19:33:00,0.27,193.33,3.14,33.67,23.19,24.0,1004.3,109.27,109.27,162.97,25.17,9.0,231.6,217.16,225.02,Ambient,🏜️ ความชื้นต่ำผิดปกติ (<24.22%)
2026-03-04 19:34:00,0.31,185.92,4.08,33.65,23.25,24.0,1004.32,101.67,101.67,144.83,24.0,8.32,229.57,211.12,223.18,Ambient,🏜️ ความชื้นต่ำผิดปกติ (<24.22%)
2026-03-04 19:35:00,0.3,189.08,4.16,33.62,23.05,23.0,1004.37,99.65,99.65,136.46,24.0,8.0,228.95,209.38,222.73,Ambient,🏜️ ความชื้นต่ำผิดปกติ (<24.22%)
2026-03-04 19:36:00,0.31,187.85,3.47,33.62,23.09,21.5,1004.4,99.38,99.38,136.36,24.0,7.47,229.0,209.63,222.74,Ambient,🏜️ ความชื้นต่ำผิดปกติ (<24.22%)
2026-03-04 19:37:00,0.3,187.03,3.23,33.6,23.15,22.0,1004.4,100.21,100.21,138.5,24.0,7.08,229.02,209.98,223.0,Ambient,🏜️ ความชื้นต่ำผิดปกติ (<24.22%)
2026-03-04 19:38:00,0.31,198.43,1.86,33.58,23.19,20.67,1004.4,101.71,101.71,143.81,24.0,7.58,229.58,211.28,223.47,Ambient,🏜️ ความชื้นต่ำผิดปกติ (<24.22%)
2026-03-04 19:39:00,0.31,191.43,2.48,33.56,23.29,22.17,1004.42,103.21,103.21,150.49,24.32,8.0,230.24,213.74,224.02,Ambient,🏜️ ความชื้นต่ำผิดปกติ (<24.22%)
2026-03-04 19:40:00,0.32,195.38,2.44,33.55,23.5,25.17,1004.45,104.21,104.21,151.7,24.52,8.0,230.61,214.99,224.45,Ambient,🏜️ ความชื้นต่ำผิดปกติ (<24.22%)
2026-03-04 19:41:00,0.31,198.65,2.56,33.51,23.58,23.67,1004.5,104.52,104.52,157.13,24.63,8.13,231.06,215.64,224.77,Ambient,🏜️ ความชื้นต่ำผิดปกติ (<24.22%)
2026-03-04 19:42:00,0.32,199.87,2.86,33.52,23.69,22.83,1004.5,103.89,103.89,153.63,24.79,8.0,231.0,215.93,224.98,Ambient,🏜️ ความชื้นต่ำผิดปกติ (<24.22%)
2026-03-04 19:43:00,0.3,198.22,2.58,33.51,23.73,23.83,1004.5,104.28,104.28,158.41,24.78,8.28,231.28,215.89,225.03,Ambient,🏜️ ความชื้นต่ำผิดปกติ (<24.22%)
2026-03-04 19:44:00,0.28,196.75,2.83,33.51,23.86,23.5,1004.55,105.57,105.57,157.28,25.08,8.92,231.8,217.38,225.35,Ambient,🏜️ ความชื้นต่ำผิดปกติ (<24.22%)
2026-03-04 19:45:00,0.29,195.78,2.43,33.47,23.93,24.67,1004.6,105.89,105.89,159.08,25.02,9.0,232.03,218.4,225.99,Ambient,🏜️ ความชื้นต่ำผิดปกติ (<24.22%)
2026-03-04 19:46:00,0.33,199.58,1.92,33.48,23.93,25.33,1004.6,107.07,107.07,161.19,25.06,9.0,232.37,219.97,226.0,Ambient,🏜️ ความชื้นต่ำผิดปกติ (<24.22%)
2026-03-04 19:47:00,0.26,198.78,2.68,33.49,24.07,25.0,1004.6,107.02,107.02,158.9,25.1,9.0,232.56,219.83,226.0,Ambient,🏜️ ความชื้นต่ำผิดปกติ (<24.22%)
2026-03-04 19:48:00,0.32,184.22,1.45,33.5,24.1,26.0,1004.6,104.57,104.57,159.57,25.0,9.0,232.32,218.42,226.03,Ambient,🏜️ ความชื้นต่ำผิดปกติ (<24.22%)
2026-03-04 19:49:00,0.32,197.43,1.52,33.42,24.18,25.83,1004.6,104.58,104.58,160.13,25.0,9.0,232.61,218.58,226.3,Ambient,🏜️ ความชื้นต่ำผิดปกติ (<24.22%)
2026-03-05 16:21:00,0.3,96.68,2.51,35.55,24.16,27.2,1004.06,92.44,92.44,125.9,25.98,6.0,237.04,215.23,231.52,Ambient,🏜️ ความชื้นต่ำผิดปกติ (<24.22%)
2026-03-05 16:22:00,0.32,103.37,3.35,35.44,23.88,28.0,1004.07,87.64,87.64,115.27,25.0,5.76,235.29,209.84,229.91,Ambient,🏜️ ความชื้นต่ำผิดปกติ (<24.22%)
2026-03-05 16:34:00,0.31,177.2,2.5,35.78,24.08,27.5,1004.0,92.36,92.36,119.43,25.8,6.0,238.13,215.48,232.83,Ambient,🏜️ ความชื้นต่ำผิดปกติ (<24.22%)
2026-03-05 16:35:00,0.31,132.5,2.16,35.77,23.63,27.83,1004.02,89.84,89.84,115.57,25.31,6.0,236.42,212.99,231.02,Ambient,🏜️ ความชื้นต่ำผิดปกติ (<24.22%)
2026-03-05 16:36:00,0.28,155.6,2.34,35.65,23.74,27.67,1004.0,87.11,87.11,108.33,25.0,5.81,235.91,208.64,230.86,Ambient,🏜️ ความชื้นต่ำผิดปกติ (<24.22%)
2026-03-05 16:45:00,0.3,128.27,1.69,35.22,24.19,28.33,1003.93,93.78,93.78,125.58,25.67,6.0,236.8,213.68,231.42,Ambient,🏜️ ความชื้นต่ำผิดปกติ (<24.22%)
2026-03-05 16:49:00,0.32,190.77,2.75,35.47,24.04,27.5,1003.93,90.64,90.64,114.08,25.24,6.33,236.44,210.95,231.17,Ambient,🏜️ ความชื้นต่ำผิดปกติ (<24.22%)
2026-04-07 14:50:00,0.01,269.39,1.61,39.08,34.69,40.64,1004.7,90.2,90.2,112.2,32.0,16.0,259.72,224.79,252.1,Ambient,🌡️ อุณหภูมิสูงผิดปกติ (>38.96°C)
2026-04-07 14:51:00,0.0,283.36,1.41,39.19,33.89,38.25,1004.7,88.21,88.21,106.64,31.72,15.77,259.34,223.17,252.0,Ambient,🌡️ อุณหภูมิสูงผิดปกติ (>38.96°C)
2026-04-07 14:52:00,0.0,286.0,1.85,39.14,33.63,36.63,1004.69,88.07,88.07,106.32,31.46,15.18,259.32,221.45,252.0,Ambient,🌡️ อุณหภูมิสูงผิดปกติ (>38.96°C)
2026-04-07 14:53:00,0.0,300.64,1.7,39.02,33.49,32.81,1004.7,86.75,86.75,109.53,31.22,15.43,259.0,220.13,251.75,Ambient,🌡️ อุณหภูมิสูงผิดปกติ (>38.96°C)
2026-04-07 15:13:00,0.0,323.23,1.49,38.99,32.54,40.0,1004.6,82.84,82.84,94.98,31.0,14.0,258.56,215.5,251.54,Ambient,🌡️ อุณหภูมิสูงผิดปกติ (>38.96°C)
2026-04-07 15:14:00,0.0,315.51,1.43,38.97,31.61,38.77,1004.6,81.41,81.41,90.39,31.0,14.0,258.97,215.0,251.99,Ambient,🌡️ อุณหภูมิสูงผิดปกติ (>38.96°C)
2026-04-07 15:15:00,0.0,266.63,2.17,39.01,31.41,37.24,1004.58,82.32,82.32,91.34,31.0,14.0,259.22,215.89,252.3,Ambient,🌡️ อุณหภูมิสูงผิดปกติ (>38.96°C)
2026-04-07 15:16:00,0.0,260.48,2.15,39.03,31.51,32.49,1004.57,82.75,82.75,93.64,31.15,14.0,260.2,217.14,253.45,Ambient,🌡️ อุณหภูมิสูงผิดปกติ (>38.96°C)
2026-04-07 15:17:00,0.0,289.92,2.38,39.08,31.84,37.01,1004.5,81.21,81.21,91.34,31.0,14.0,259.0,215.48,252.0,Ambient,🌡️ อุณหภูมิสูงผิดปกติ (>38.96°C)
2026-04-07 15:18:00,0.0,300.7,3.0,38.99,32.69,29.55,1004.49,81.05,81.05,89.5,31.0,13.15,259.93,216.2,253.0,Ambient,🌡️ อุณหภูมิสูงผิดปกติ (>38.96°C)
2026-04-07 15:27:00,0.0,291.54,1.26,39.0,32.88,39.14,1004.4,84.52,84.52,103.0,31.29,14.56,258.06,216.26,250.52,Ambient,🌡️ อุณหภูมิสูงผิดปกติ (>38.96°C)
2026-04-07 15:28:00,0.0,308.5,1.38,39.15,32.75,39.59,1004.4,86.18,86.18,106.89,31.15,14.11,258.0,216.49,251.0,Ambient,🌡️ อุณหภูมิสูงผิดปกติ (>38.96°C)
2026-04-07 15:29:00,0.03,294.02,1.46,39.37,32.46,39.42,1004.4,90.04,90.04,117.43,31.92,15.12,258.62,219.13,251.37,Ambient,🌡️ อุณหภูมิสูงผิดปกติ (>38.96°C)
2026-04-07 15:30:00,0.0,313.88,1.4,39.54,32.69,38.71,1004.4,85.51,85.51,105.69,31.22,15.08,257.55,215.7,249.71,Ambient,🌡️ อุณหภูมิสูงผิดปกติ (>38.96°C)
2026-04-07 15:31:00,0.0,166.86,1.78,39.63,31.7,39.25,1004.4,85.23,85.23,104.84,31.0,14.36,256.96,215.03,249.67,Ambient,🌡️ อุณหภูมิสูงผิดปกติ (>38.96°C)
2026-04-07 15:32:00,0.0,326.78,0.92,39.53,32.09,38.99,1004.4,82.79,82.79,99.43,31.0,14.08,257.0,214.0,249.95,Ambient,🌡️ อุณหภูมิสูงผิดปกติ (>38.96°C)
2026-04-07 15:33:00,0.0,187.6,0.63,39.53,32.0,38.58,1004.4,81.7,81.7,94.07,31.0,13.83,256.52,212.42,249.23,Ambient,🌡️ อุณหภูมิสูงผิดปกติ (>38.96°C)
2026-04-07 15:34:00,0.0,53.83,0.72,39.56,34.9,38.91,1004.4,81.84,81.84,94.6,31.0,13.0,256.89,212.73,249.6,Ambient,🌡️ อุณหภูมิสูงผิดปกติ (>38.96°C)
2026-04-07 15:35:00,0.0,149.84,1.01,39.28,39.5,41.9,1004.36,83.06,83.06,99.75,31.0,13.03,256.97,213.74,249.91,Ambient,🌡️ อุณหภูมิสูงผิดปกติ (>38.96°C)
2026-04-11 11:20:00,0.0,323.1,1.59,36.29,24.01,32.59,1009.0,81.85,81.85,107.22,24.25,11.7,222.44,169.9,213.85,Ambient,🏜️ ความชื้นต่ำผิดปกติ (<24.22%)
2026-04-29 13:08:00,1.23,211.07,2.8,39.1,37.5,42.41,1005.68,96.25,96.25,139.31,37.44,28.85,260.38,229.01,252.88,,🌡️ อุณหภูมิสูงผิดปกติ (>38.96°C)
